anum,n_terms,max_digit_len,wall_s,cpu_s,full_fit,prefix_only,n_struct_rev,error
A003371,39,5,4.84192929999972,2.03125,False,False,0,
A004544,60,1,24.802015899999788,7.703125,False,False,0,
A005188,37,11,4.136398400000871,1.671875,False,True,1,
A005900,44,5,4.562350100000003,1.953125,True,False,0,
A005929,60,1,5.72654539999985,2.078125,False,True,1,
A006955,55,7,15.869305999999597,6.109375,False,False,0,
A007959,54,3,35.071290099999715,13.078125,False,True,1,
A008039,48,4,4.878108100000645,4.359375,False,False,0,
A008174,48,4,14.476624400000219,4.765625,False,False,0,
A010067,57,3,30.541348600000674,9.984375,False,False,0,
A011417,60,1,24.700055399999655,8.234375,False,False,0,
A014821,60,1,21.577383499999996,7.71875,False,True,1,
A015863,36,5,5.719293099999959,1.78125,False,False,0,
A016463,60,2,27.14429669999936,7.9375,False,False,0,
A018082,36,10,4.8545985999999175,1.59375,False,True,1,
A018804,60,3,43.763995299999806,9.890625,False,False,0,
A019346,57,3,20.87815690000025,7.34375,False,False,0,
A019707,60,1,24.396869299999707,7.3125,False,False,0,
A019743,60,1,26.657092999999804,7.875,False,False,0,
A020143,39,5,9.160548199999539,2.828125,False,False,0,
A020374,39,5,8.679623500000162,2.625,False,False,0,
A020665,60,2,18.968835799999397,8.109375,False,False,0,
A021178,60,1,28.10310269999991,8.0625,False,False,0,
A022172,36,11,2.6198450000001685,1.421875,False,False,0,
A022298,60,3,23.493429599999217,7.9375,False,False,0,
A022354,30,8,0.5321163999997225,0.25,True,False,0,
A026380,30,10,1.8033111000004283,0.71875,True,False,0,
A026788,30,11,1.4528385000003254,0.765625,False,False,0,
A027623,32,3,2.5251783000003343,0.921875,False,False,0,
A027694,51,4,5.424906600000213,2.203125,True,False,0,
A030787,60,2,32.74088380000012,8.125,False,False,0,
A031194,55,3,16.851942899999813,6.375,False,False,0,
A031218,60,2,30.716480500000216,9.859375,False,False,0,
A032243,43,7,11.33976100000018,2.65625,False,False,0,
A033238,35,4,4.486318799999935,1.546875,False,False,0,
A033622,32,11,4.859586700000364,1.25,True,False,0,
A034291,42,5,6.902873399999407,2.921875,False,False,0,
A035287,34,7,3.551252100000056,1.46875,True,False,0,
A035326,32,8,4.010230100000626,1.4375,False,False,0,
A035987,45,5,5.1353509999999005,3.46875,False,False,0,
A036062,30,9,2.4524837999997544,0.875,False,False,0,
A038956,45,3,8.925531699999738,3.234375,False,False,0,
A039681,57,3,23.361667899999702,7.140625,False,False,0,
A040180,40,4,7.191767899999832,2.421875,False,False,0,
A040781,60,2,28.942854999999327,9.4375,False,False,0,
A043171,43,4,8.918322100000296,3.34375,False,False,0,
A043675,60,2,86.86971660000017,27.859375,False,True,1,
A044407,39,4,17.957548100000167,4.75,False,True,1,
A044734,39,4,10.838944399999491,3.9375,False,True,1,
A044843,53,3,17.267161400000077,6.046875,False,False,0,
A045046,37,4,8.402181599999494,2.53125,False,False,0,
A045365,46,3,5.908854600000268,3.828125,False,False,0,
A047366,60,3,9.696254700000281,3.28125,True,False,0,
A047594,60,2,19.62026700000024,7.296875,False,False,0,
A049203,33,6,3.2790916000003563,1.359375,False,False,0,
A051531,42,5,14.055332199999611,9.828125,True,False,0,
A052241,31,10,2.51288250000016,1.078125,False,False,0,
A055651,60,4,20.498283099999753,7.53125,False,False,0,
A055703,41,5,10.221840400000474,2.703125,False,False,0,
A055946,60,3,18.973221399999602,7.3125,False,False,0,
A056728,32,7,2.4895147000006546,0.734375,False,False,0,
A057128,60,3,12.762525300000561,7.84375,False,False,0,
A058875,41,11,5.785160400000677,2.5625,False,False,0,
A059739,60,6,22.612574799999493,7.625,False,False,0,
A060133,50,4,11.064249400000335,4.5625,False,False,0,
A061087,37,6,13.8360732000001,4.96875,False,False,0,
A062506,60,2,16.135140899999897,8.21875,False,False,0,
A063616,51,3,12.329434199999923,5.25,False,False,0,
A064217,47,5,11.100685899999917,4.109375,False,False,0,
A064440,44,5,12.724656299999879,4.609375,False,False,0,
A065813,56,3,21.811927200000355,7.046875,False,False,0,
A066294,60,5,29.025673799999822,7.15625,False,False,0,
A066567,47,4,7.2993703000001915,4.265625,False,False,0,
A066839,60,2,18.60923989999992,6.578125,False,False,0,
A068356,45,4,10.04366470000059,3.9375,False,False,0,
A070304,60,1,23.2368632000007,7.40625,False,False,0,
A071804,60,1,45.20116490000055,10.0625,False,False,0,
A072106,60,2,20.74319790000027,7.046875,False,False,0,
A073705,38,12,5.870760099999643,1.84375,False,False,0,
A073824,60,1,26.956175299999813,8.09375,False,False,0,
A074236,55,3,18.215615300000536,7.671875,False,False,0,
A074871,60,1,10.337366499999916,6.640625,False,False,0,
A075221,30,8,2.1323050000000876,0.578125,False,False,0,
A075354,57,3,86.49808519999988,23.09375,False,True,1,
A077318,38,6,3.8022800999997344,2.078125,False,False,0,
A077624,43,7,5.27312129999973,3.078125,False,False,0,
A078029,60,6,1.9074203999998645,0.859375,True,False,0,
A078802,60,3,22.902923999999985,7.3125,False,False,0,
A078809,60,2,23.932831799999803,7.9375,False,False,0,
A079131,55,3,20.385409999999865,6.65625,False,False,0,
A079714,60,2,23.615589099999852,6.625,False,False,0,
A079952,60,2,29.538238000000092,9.25,False,False,0,
A080105,42,9,11.99429180000061,3.78125,False,False,0,
A080702,60,2,32.9370686000002,10.6875,False,False,0,
A080730,60,1,15.150217999999768,7.421875,False,False,0,
A080906,41,4,10.336234299999887,3.28125,False,False,0,
A081735,60,3,17.560235800000555,8.375,False,False,0,
A082568,60,2,23.745532799999637,8.40625,False,False,0,
A082839,60,1,24.125385699999242,7.484375,False,False,0,
A085264,49,4,12.613335299999562,4.3125,False,False,0,
A085998,60,1,29.242361300000084,9.609375,False,False,0,
A086112,60,2,8.342811499999698,3.625,True,False,0,
A086249,60,2,18.04827699999987,7.890625,False,True,1,
A086285,55,3,12.646094599999742,6.265625,False,False,0,
A087869,60,3,16.652951899999607,8.109375,False,False,0,
A088341,59,3,11.765100100000382,7.59375,False,False,0,
A088572,60,3,20.163548600000468,7.21875,False,False,0,
A088637,53,4,10.408544100000654,5.875,False,False,0,
A090815,60,4,23.113808799999788,8.46875,False,False,0,
A091512,60,3,18.270176800000627,7.25,False,False,0,
A091700,55,6,18.444742299999234,5.875,False,False,0,
A091769,51,6,14.854349899999761,4.640625,False,False,0,
A092939,49,5,10.679362899999433,3.96875,False,False,0,
A093797,60,3,21.246329399999922,8.0,False,False,0,
A094966,39,8,1.7031746000002386,0.734375,True,False,0,
A095297,33,9,1.615672199999608,1.0625,False,False,0,
A096729,33,7,3.107744100000673,1.09375,False,False,0,
A096796,35,10,5.479716700000608,1.640625,False,False,0,
A096982,60,3,22.196039499999642,7.84375,False,False,0,
A097965,31,11,3.9283307999994577,1.109375,False,False,0,
A098495,60,3,28.969390000000203,8.0625,False,False,0,
A099636,60,2,19.79824390000067,7.96875,False,False,0,
A099759,55,8,19.52333230000022,5.421875,False,False,0,
A100079,60,3,23.63235209999948,7.484375,False,False,0,
A101249,35,5,6.828791599999931,1.890625,False,False,0,
A102001,30,12,1.4567120000001523,0.453125,True,False,0,
A102422,60,2,44.42465579999953,16.90625,False,False,0,
A103241,33,14,2.46296220000022,1.234375,False,False,0,
A103368,60,1,4.575736099999631,1.796875,True,False,0,
A109826,60,3,19.34496560000025,7.140625,False,False,0,
A110289,43,4,8.606250800000453,3.265625,False,False,0,
A110494,45,5,7.627202300000135,3.71875,False,False,0,
A110769,60,3,19.061911799999507,7.21875,False,False,0,
A111349,42,4,14.266775099999904,3.734375,False,False,0,
A111698,60,2,73.7780745,28.90625,False,False,0,
A111910,55,6,8.615325400000074,6.140625,False,False,0,
A112789,45,4,10.584355400000277,3.90625,False,False,0,
A112968,60,2,24.803063700000166,7.015625,False,False,0,
A113167,60,3,20.804000399999495,7.78125,False,False,0,
A113565,60,1,21.68226549999963,8.40625,False,False,0,
A114313,60,2,10.473628499999904,7.890625,False,False,0,
A116612,56,3,23.70058590000008,7.734375,False,False,0,
A117370,60,1,16.30033370000001,5.671875,False,True,1,
A117505,51,6,16.546201599999222,5.21875,False,False,0,
A118054,60,4,23.236963999999716,6.6875,False,False,0,
A118080,60,1,21.04405940000015,8.515625,False,False,0,
A118733,60,3,21.513817000000017,8.125,False,False,0,
A118819,60,3,29.632700699999987,13.421875,True,False,0,
A119565,53,4,26.350383999999394,7.140625,False,False,0,
A120898,58,4,30.704755300000215,9.296875,False,False,0,
A121461,60,4,12.358162300000004,7.65625,False,False,0,
A122716,34,6,3.1731497000000672,1.390625,False,False,0,
A122821,60,1,10.697758899999826,6.75,False,False,0,
A123503,60,2,24.716455499999938,8.3125,False,False,0,
A124670,34,7,1.6167748999996547,1.359375,False,False,0,
A126135,38,7,4.597074299999804,1.859375,False,False,0,
A126315,60,2,32.02100599999994,9.921875,False,False,0,
A126846,60,3,18.582514800000354,7.65625,False,False,0,
A128633,46,5,8.780284200000096,3.90625,False,False,0,
A128978,60,2,22.405128800000057,7.34375,False,False,0,
A131247,55,2,17.90929099999994,5.640625,False,False,0,
A131436,60,4,9.179484199999933,3.453125,False,False,0,
A131854,60,3,16.19281409999985,7.828125,False,False,0,
A131866,60,2,28.02367090000007,9.796875,False,False,0,
A131909,60,2,15.121859800000493,6.796875,False,False,0,
A133214,55,6,16.991736399999354,6.0625,False,False,0,
A133488,44,6,31.44669260000046,11.171875,False,False,0,
A134217,47,4,12.379860199999712,4.015625,False,False,0,
A136154,36,5,4.533962900000006,1.6875,False,False,0,
A136854,30,13,1.7170242000001963,0.75,False,True,1,
A137750,56,3,17.000435899999502,6.515625,False,False,0,
A138674,60,3,24.771241499999633,7.875,False,False,0,
A138711,60,1,43.36211950000052,15.09375,False,False,0,
A138822,31,10,6.6674760000005335,1.015625,False,False,0,
A139098,46,5,5.887620699999388,2.109375,True,False,1,
A139931,42,4,7.875610600000073,2.78125,False,False,0,
A140327,50,4,11.420967999999448,4.40625,False,False,0,
A140525,43,6,14.29554250000001,4.015625,False,False,0,
A140958,42,5,12.00993070000004,3.625,False,False,0,
A141560,58,3,18.466470800000025,6.5625,False,False,0,
A141989,44,4,11.179654200000186,3.703125,False,False,0,
A142459,45,9,7.9800572999993165,3.234375,False,False,0,
A142679,43,5,8.874510399999963,3.515625,False,False,0,
A142699,42,5,15.367515300000377,3.21875,False,False,0,
A142919,43,5,8.326123499999994,3.15625,False,False,0,
A143268,43,5,8.297150800000054,3.125,False,False,0,
A143656,60,2,16.073405699999967,6.078125,False,False,0,
A144489,60,2,16.31720310000037,6.609375,False,False,0,
A148058,32,16,3.639394799999536,1.09375,False,False,0,
A148320,31,16,3.1272054000000935,1.125,False,False,0,
A148441,30,16,2.5108542999996644,0.71875,False,False,0,
A151782,57,5,20.2087932000004,7.3125,False,False,0,
A153161,60,2,25.846862300000794,7.9375,False,False,0,
A156610,55,9,17.405835099999422,6.21875,False,False,0,
A156722,45,19,10.928924400000142,3.984375,False,False,0,
A157676,54,3,16.777196199999707,6.359375,False,False,0,
A158140,44,5,4.088886500000626,3.140625,False,False,0,
A159781,39,5,8.877333699999326,2.5625,False,False,0,
A160159,60,3,19.486685199999556,7.96875,False,False,0,
A163238,60,3,24.23981939999976,7.4375,False,False,0,
A163810,60,1,7.4139631000007284,2.25,True,False,0,
A164876,44,5,10.141703700000107,3.328125,False,False,0,
A164960,60,1,15.711894899999606,6.5,False,False,0,
A165077,60,2,73.88822509999954,21.953125,False,True,1,
A165567,39,6,6.558599400000276,2.3125,False,False,0,
A165827,50,4,11.304176100000404,4.484375,False,False,0,
A165959,60,2,9.87893510000049,8.609375,False,False,0,
A167384,52,3,6.511702299999342,5.0,False,False,0,
A167586,31,6,5.113442700000633,1.140625,True,False,1,
A168096,55,2,42.926066699999865,13.234375,True,False,2,
A168284,60,3,4.734311700000035,1.828125,True,False,0,
A170012,32,10,1.2964037000001554,0.484375,True,False,0,
A171697,52,3,25.29447320000054,6.5625,False,False,0,
A172373,55,9,21.509769199999937,6.515625,False,False,0,
A172523,34,6,3.143783700000313,1.328125,False,False,0,
A173043,36,22,5.856804899999588,1.84375,False,False,0,
A174342,60,6,20.6762676999997,8.03125,False,False,0,
A175060,60,2,22.055236400000467,7.5625,False,False,0,
A175798,51,3,15.192999799999598,5.0625,False,False,0,
A175808,60,2,22.736368900000343,7.75,False,False,0,
A176514,60,1,9.349866399999883,3.640625,True,False,0,
A176740,54,6,17.25300849999985,6.734375,False,False,0,
A177947,55,4,22.49538609999945,7.640625,False,False,0,
A178620,60,1,30.135529500000303,9.90625,False,False,0,
A179531,60,3,24.41563700000006,7.671875,False,False,0,
A180194,43,9,8.672922800000379,2.78125,False,False,0,
A180457,38,5,6.096930799999427,2.0625,False,False,0,
A180590,40,3,6.5530823999997665,2.171875,False,False,0,
A182042,55,5,16.068995300000097,6.078125,False,False,0,
A184871,60,3,21.73611990000063,7.578125,False,False,0,
A185169,57,11,12.519796299999143,7.0,False,False,0,
A186071,60,8,25.824211000000105,9.6875,False,True,1,
A187303,31,7,7.931665600000088,2.375,False,False,0,
A187683,60,2,22.04591679999976,8.859375,False,False,0,
A188216,48,6,11.906653699999879,4.109375,False,False,0,
A190032,34,7,4.583035700000437,1.46875,False,False,0,
A191120,60,4,22.07586480000009,7.5625,False,False,0,
A191387,60,4,23.87902640000084,7.953125,False,False,0,
A193900,50,6,14.068710200000169,5.03125,False,False,0,
A194121,58,4,27.372637500000565,7.765625,False,False,0,
A195311,56,3,17.741765300000225,6.328125,False,False,0,
A197207,50,8,15.79657810000026,4.6875,False,False,0,
A198369,60,1,28.427731499999936,9.78125,False,False,0,
A198758,60,1,19.347871599999962,7.53125,False,False,0,
A198862,49,4,3.4195048000001407,1.25,True,False,0,
A200928,47,6,16.086852999999792,5.03125,False,False,0,
A201456,60,3,31.125648500000352,9.078125,False,False,0,
A204849,60,4,10.989311299999827,7.625,False,False,0,
A206026,47,4,12.697612299999491,3.90625,False,False,0,
A207005,60,3,23.673689999999624,8.484375,False,False,0,
A207536,58,5,29.16780689999996,8.9375,False,False,0,
A208613,56,4,20.130731299999752,6.671875,False,False,0,
A208974,31,8,2.6491353999999774,0.984375,False,False,0,
A210845,60,3,20.193845699999656,7.859375,False,True,1,
A211006,60,4,18.123189100000673,8.421875,False,False,0,
A211015,60,1,11.874489900000299,7.25,False,False,0,
A211274,56,3,9.243901200000437,6.609375,False,False,0,
A211381,42,6,24.91656150000017,9.28125,True,False,1,
A212021,46,4,9.9800953999993,4.171875,False,False,0,
A213056,60,2,23.890441399999872,7.890625,False,False,0,
A214047,50,3,13.34419330000037,5.125,False,False,0,
A215461,60,2,17.558792799999537,6.40625,False,False,0,
A216223,52,6,15.594645499999388,5.375,False,False,0,
A222414,60,3,23.755756100000326,8.53125,False,False,0,
A224214,51,4,13.468177799999467,4.5625,False,False,0,
A224237,60,1,26.750044600000365,8.453125,False,False,0,
A225447,60,1,31.95305349999944,10.1875,False,False,0,
A226166,60,1,17.19710319999922,7.140625,False,False,0,
A226691,60,2,29.632267099999808,9.65625,False,False,0,
A227784,60,2,20.693354,7.890625,False,False,0,
A228324,46,4,17.801532299999963,4.875,False,False,0,
A228623,60,9,21.452017099999466,6.5,False,False,0,
A230407,60,2,23.716611700000612,8.484375,False,False,0,
A231626,54,3,16.371994600000107,6.765625,False,False,0,
A231932,60,4,12.097941199999696,7.90625,False,False,0,
A232598,45,8,8.598875699999553,3.375,False,False,0,
A234859,60,1,7.1041801000001215,3.171875,False,True,1,
A235119,36,7,4.095950699999776,1.703125,False,False,0,
A236176,48,2,10.011525199999596,3.78125,False,False,0,
A236423,48,5,14.81414120000045,4.46875,False,False,0,
A238533,33,8,2.9162613000007696,1.078125,False,False,0,
A240164,58,4,26.24796030000016,7.859375,False,False,0,
A240179,48,6,11.8312633000005,4.09375,False,False,0,
A240982,60,1,22.465980899999522,8.015625,False,False,0,
A241494,60,1,18.752847999999176,7.75,False,True,1,
A242260,54,3,19.570833599999787,6.953125,False,False,0,
A242769,60,1,21.320416900000055,8.828125,False,False,0,
A244054,60,1,27.39058759999989,7.765625,False,False,0,
A244256,60,1,21.68513079999957,8.25,False,False,0,
A245635,60,1,18.021529499999815,7.234375,False,False,0,
A245886,60,1,21.861841199999617,7.484375,False,False,0,
A246316,60,4,26.92947770000046,8.875,False,False,0,
A247300,31,12,2.653238400000191,0.9375,True,False,1,
A248342,60,1,27.58016029999999,8.671875,False,False,0,
A248519,60,3,25.612082100000407,7.75,False,False,0,
A248913,60,2,22.47153470000012,7.53125,False,False,0,
A249738,60,2,27.89732929999991,6.515625,False,False,0,
A251176,32,15,2.7301873999995223,1.0625,False,False,0,
A253223,60,5,27.970309400000588,9.171875,False,False,0,
A253240,60,3,18.55090399999972,7.328125,False,False,0,
A253397,53,4,16.282829499999934,5.1875,False,False,0,
A253443,60,2,100.91773480000029,30.796875,False,True,1,
A254340,60,3,35.17078019999917,10.21875,False,False,0,
A255872,42,5,8.609454299999925,2.5625,False,False,0,
A256650,39,6,7.890565800000331,2.640625,True,False,1,
A256699,60,3,31.86667099999977,10.140625,False,False,0,
A258250,32,8,2.8913667999995596,1.109375,False,False,0,
A259506,60,2,10.767031600000337,4.296875,False,True,1,
A259755,53,3,9.85821390000001,1.609375,True,False,1,
A260589,54,25,18.853527199999917,6.234375,False,False,0,
A260808,45,4,6.793356199999835,3.65625,False,False,0,
A260947,60,2,16.380494199999703,7.34375,False,False,0,
A261699,60,2,18.07409170000028,6.296875,False,False,0,
A262282,54,4,12.932601600000453,6.546875,False,False,0,
A263327,60,3,15.71019570000044,6.21875,False,True,1,
A263490,60,1,18.939291599999706,7.328125,False,False,0,
A264714,40,9,3.645255299999917,2.1875,False,False,0,
A264977,60,2,23.6292540000004,7.78125,False,False,0,
A265313,60,3,22.97355890000017,7.671875,False,False,0,
A265424,50,4,11.331513400000404,4.34375,True,False,0,
A265639,34,11,3.1421736000002056,1.109375,False,False,0,
A266436,33,19,2.0118778000005477,1.859375,True,False,0,
A266954,45,4,13.731031299999813,3.328125,False,False,0,
A267764,45,6,7.818686200000229,3.53125,False,False,0,
A272784,42,5,9.160005400000045,2.953125,False,False,0,
A273464,43,8,9.460519199999908,2.9375,False,False,0,
A273955,36,18,3.5460621000001993,1.640625,False,False,0,
A274284,57,3,17.229812200000197,6.53125,False,False,0,
A275446,57,4,19.85236569999961,6.921875,False,False,0,
A275927,60,2,18.789127300000473,7.75,False,False,0,
A276913,30,47,2.697883899999397,0.609375,False,False,0,
A276931,60,3,31.273006299999906,10.125,False,False,0,
A279364,50,7,12.747772300000179,4.671875,False,False,0,
A279593,60,2,15.953626800000166,5.5,False,True,1,
A280197,49,9,15.9450582999998,5.515625,False,False,0,
A280469,55,3,7.717533500000172,6.59375,False,False,0,
A281034,55,6,14.386592000000746,5.21875,False,True,1,
A281068,60,3,27.687241099999483,10.046875,False,False,0,
A281590,55,3,12.709428000000116,6.328125,False,False,0,
A281639,34,11,2.6002785000000586,1.265625,False,False,0,
A281793,58,4,24.468505199999527,7.421875,False,False,0,
A283595,60,4,23.12071730000025,7.671875,False,False,0,
A284199,48,7,10.622601699999905,4.3125,False,False,0,
A285530,60,1,6.614308900000651,5.328125,False,False,0,
A285784,55,4,17.744090199999846,6.640625,False,False,0,
A285808,60,2,22.077578299999914,7.765625,False,False,0,
A286387,60,3,22.053403799999614,7.859375,False,False,0,
A286752,60,1,10.254441099999895,5.6875,False,False,0,
A287158,60,3,43.005321799999365,10.015625,False,False,0,
A287865,60,2,26.43223659999967,8.421875,False,False,0,
A289615,30,16,0.887214700000186,0.8125,True,False,0,
A290326,60,6,15.959049099999902,5.359375,False,False,0,
A290332,58,7,20.13239919999978,6.78125,False,False,0,
A290428,60,3,20.323033399999986,8.203125,False,False,0,
A290481,60,2,28.34268079999947,8.09375,False,False,0,
A292114,31,9,4.387733599999592,1.171875,False,False,0,
A292673,60,2,31.260472899999513,9.796875,False,False,0,
A293712,40,7,8.031445199999325,2.453125,False,False,0,
A293771,60,2,26.128232099999877,8.484375,False,False,0,
A294628,60,3,30.21325809999962,10.09375,False,False,0,
A294863,55,4,17.746519499999522,6.0,False,False,0,
A295827,60,4,21.667867500000284,7.328125,False,False,0,
A296128,60,5,25.539173500000288,8.328125,False,False,0,
A299620,60,1,17.086103800000274,7.875,False,False,0,
A300284,60,1,37.20982650000042,9.546875,False,False,0,
A301002,47,4,11.785691099999895,3.765625,False,False,0,
A301710,56,3,23.320774099999653,8.765625,True,False,0,
A302279,32,10,6.522084600000198,1.90625,True,False,0,
A302690,60,3,37.21660939999947,9.84375,False,False,0,
A302753,51,4,19.18809280000005,6.109375,False,False,0,
A303668,42,8,6.30993799999942,2.75,False,False,0,
A304775,57,5,9.978646300000037,6.828125,False,False,0,
A304879,60,2,19.350703000000067,7.53125,False,False,0,
A305466,60,6,29.608046400000603,9.65625,False,False,0,
A305876,30,13,1.779475100000127,0.59375,False,False,0,
A306114,51,4,14.122108900000057,5.5,False,False,0,
A308638,60,1,16.88785789999929,6.6875,False,False,0,
A308797,46,4,11.481396299999687,3.8125,False,False,0,
A309574,59,3,14.362217500000042,8.015625,False,False,0,
A311191,50,3,12.272005400000126,5.171875,False,False,0,
A311240,50,3,11.868835899999794,4.78125,False,False,0,
A311323,50,3,14.687473599999976,4.8125,False,False,0,
A311341,50,3,10.702634299999772,4.609375,False,False,0,
A311425,50,3,13.958569600000374,5.140625,False,False,0,
A312885,50,3,19.241492800000742,6.0,False,False,0,
A312897,50,3,19.401298900000256,6.453125,False,False,0,
A313489,50,3,12.665561499999967,4.734375,False,False,0,
A313523,50,3,17.935163300000568,6.078125,False,False,0,
A314465,50,3,11.185465599999588,4.671875,False,False,0,
A315071,50,3,22.11138370000026,8.046875,False,False,0,
A315994,50,3,16.40465690000019,5.015625,False,False,0,
A316460,57,3,17.413776500000495,6.5,False,False,0,
A316845,60,1,26.047708300000522,7.578125,False,False,0,
A316906,33,7,4.288730000000214,1.21875,False,False,0,
A317932,60,3,40.58925139999974,9.859375,False,False,0,
A318355,30,17,2.3226035999996384,0.84375,False,False,0,
A318577,60,2,23.986502100000507,8.015625,False,True,1,
A320912,60,3,31.780182599999534,10.453125,False,False,0,
A321001,36,5,5.471387499999764,1.53125,False,False,0,
A322149,49,8,12.142517100000077,4.25,False,False,0,
A325350,54,4,15.775784899999962,5.890625,False,False,0,
A327288,39,8,10.455709800000477,2.828125,False,False,0,
A327861,60,1,16.713263200000256,5.9375,False,False,0,
A328383,60,2,25.493443300000763,8.40625,False,False,0,
A328720,60,2,8.176595099999759,7.578125,False,False,0,
A329544,60,3,23.67027760000019,7.78125,False,False,0,
A329687,55,9,8.067750899999737,3.3125,True,False,0,
A330933,33,7,3.3717677000004187,1.1875,False,False,0,
A331893,49,4,15.189699799999289,4.546875,False,False,0,
A331942,30,14,4.652981500000351,1.09375,False,False,0,
A332931,60,2,22.885335699999814,7.9375,False,False,0,
A333369,60,3,13.93145530000038,7.828125,False,False,0,
A333526,56,3,27.470295500000248,6.859375,False,False,0,
A334954,60,2,21.848590700000386,8.640625,False,False,0,
A335075,59,3,32.19720570000027,9.65625,False,False,0,
A335152,60,2,25.109361499999977,8.046875,False,False,0,
A335856,60,3,18.223233900000196,7.953125,False,False,0,
A336771,40,8,5.685197499999958,1.96875,False,False,0,
A338195,56,3,18.12785199999962,6.859375,False,False,0,
A338572,60,2,15.928598099999363,8.0,False,False,0,
A338854,60,2,11.963019400000121,7.375,False,False,0,
A339190,45,11,8.168127799999638,3.40625,False,False,0,
A340077,60,3,22.763523100000384,8.140625,False,False,0,
A343728,36,8,6.055274000000281,1.90625,False,False,0,
A343826,53,3,20.30979120000029,5.59375,False,False,0,
A345147,60,2,20.275087500000154,7.0,False,False,0,
A345310,60,6,19.664327100000264,7.890625,False,False,0,
A347455,55,3,18.795493200000237,6.421875,False,False,0,
A347573,50,5,12.671760599999288,4.90625,False,False,0,
A348160,46,4,10.710611399999834,3.75,False,False,0,
A348358,59,3,12.110787500000697,7.484375,False,False,0,
A348784,60,3,19.997237599999607,8.359375,False,False,0,
A349306,50,4,14.428385500000331,5.109375,False,False,0,
A350044,48,4,6.375114599999506,4.609375,False,True,1,
A350733,60,6,20.345439000000624,6.828125,False,True,1,
A351836,60,2,29.980828599999768,7.234375,False,True,1,
A351860,50,5,28.748313699999926,17.515625,True,False,0,
A352140,56,3,34.58630170000015,8.03125,False,False,0,
A352244,32,8,5.364424300000792,1.3125,False,False,0,
A353057,39,6,8.346634399999857,2.9375,False,False,0,
A353489,60,1,11.893999099999746,4.6875,False,True,1,
A353954,60,4,24.799280199999885,8.015625,False,False,0,
A359227,60,1,21.267820200000642,6.484375,False,False,0,
A359765,60,3,23.25805769999988,8.546875,False,False,0,
A361127,57,3,24.268228500000077,7.25,False,False,0,
A361203,59,3,21.943386299999474,8.171875,False,True,1,
A361852,50,5,16.24269000000004,4.765625,False,False,0,
A362826,60,4,20.78633759999957,5.96875,False,True,1,
A362922,60,1,17.368145399999776,7.28125,False,False,0,
A363016,33,12,4.773271099999874,1.609375,False,False,0,
A363723,60,4,39.983803199999784,8.90625,False,False,0,
A365428,60,1,16.938344600000164,6.265625,False,False,0,
A365787,60,3,24.15182629999981,8.234375,False,False,0,
A366161,60,2,37.79161930000009,10.234375,False,False,0,
A368912,60,1,12.168280699999741,4.890625,False,True,1,
A368992,60,1,19.134777700000086,7.03125,False,True,1,
A369379,50,3,5.656780199999957,1.75,False,False,0,
A369901,54,4,57.84058410000034,19.515625,False,False,0,
A369995,36,2,1.2702868000005765,1.125,False,True,1,
A371503,60,1,29.163549599999897,10.015625,False,False,0,
A371843,39,9,3.2916768000004595,0.8125,True,False,0,
A371894,60,3,24.355780199999572,7.625,False,False,0,
A372119,60,2,103.95915779999996,27.71875,False,False,0,
A373408,60,3,18.53721620000033,7.140625,False,False,0,
A374590,55,3,20.629008900000372,6.875,False,False,0,
A377030,60,1,20.557971299999735,7.453125,False,True,1,
A377591,38,6,9.88465559999986,2.609375,False,False,0,
A379845,45,4,10.261585000000196,3.375,False,False,0,
A380477,60,1,8.885980699999891,4.921875,False,False,0,
A381019,60,3,31.791504200000418,10.140625,False,False,0,
A381247,33,7,3.443287099999907,1.40625,False,False,0,
A381606,55,4,20.833499700000175,6.765625,False,False,0,
A381949,34,11,3.712422599999627,1.421875,False,False,0,
A382129,60,3,23.079439500000262,7.875,False,False,0,
A382585,60,1,21.796646300000248,7.765625,False,False,0,
A382656,30,13,0.94458030000078,0.84375,True,False,0,
A382661,50,4,16.11577219999981,4.6875,False,False,0,
A383095,60,2,21.76455519999945,7.71875,False,False,0,
A383226,42,5,10.24109099999987,3.53125,False,False,0,
A383705,60,3,26.047978599999624,8.6875,False,False,0,
A383715,55,8,19.285925600000155,6.734375,False,False,0,
A383799,53,7,17.5350398999999,5.0,False,True,1,
A385165,43,6,3.016067500000645,2.90625,False,False,0,
A386224,47,4,5.75645540000005,4.15625,False,False,0,
A386317,60,3,24.91469379999944,8.453125,False,False,0,
A386838,60,2,13.000652499999887,7.125,False,False,0,
A389501,55,3,16.581011500000386,6.546875,False,False,0,
A390691,60,2,16.141840299999785,8.1875,False,False,0,
A392248,55,3,16.78623990000051,6.625,False,False,0,
A392743,60,1,14.348761700000068,5.4375,False,False,0,
A392867,60,3,22.049867699999595,8.625,False,False,0,
A393047,58,4,22.636383600000045,7.890625,False,False,0,
A394021,60,3,25.94699860000037,8.546875,False,False,0,
A394629,60,3,25.4824122,9.296875,False,False,0,
A394962,60,1,13.205420000000231,7.875,False,False,0,
A395738,43,7,4.373300600000221,3.125,False,False,0,
A395955,38,12,6.827628799999729,2.109375,False,False,0,
A396907,55,6,20.402490200000102,5.75,False,False,0,
A397007,60,1,29.37324279999939,9.515625,False,False,0,
A397229,60,1,32.12632140000005,7.75,False,False,0,
