anum,n_terms,found,class,order,degree,L_H,n_singular,error
A000011,40,False,genuine_spurious,,,,,
A000013,39,False,undetermined,,,,,
A000026,72,False,genuine_spurious,,,,,
A000030,133,False,genuine_spurious,,,,,
A000044,49,False,genuine_spurious,,,,,
A000134,60,False,genuine_spurious,,,,,
A000164,105,False,genuine_spurious,,,,,
A000220,37,False,undetermined,,,,,
A000249,30,False,undetermined,,,,,
A000378,72,False,genuine_spurious,,,,,
A000393,31,False,undetermined,,,,,
A000398,60,False,genuine_spurious,,,,,
A000418,32,False,undetermined,,,,,
A000429,32,False,undetermined,,,,,
A000433,58,False,genuine_spurious,,,,,
A000480,80,False,genuine_spurious,,,,,
A000493,84,False,genuine_spurious,,,,,
A000621,40,False,genuine_spurious,,,,,
A000623,32,False,undetermined,,,,,
A000626,36,False,undetermined,,,,,
A000805,32,False,undetermined,,,,,
A000855,82,False,genuine_spurious,,,,,
A000926,65,False,genuine_spurious,,,,,
A000927,38,False,undetermined,,,,,
A000999,87,False,genuine_spurious,,,,,
A001009,39,False,undetermined,,,,,
A001073,106,False,genuine_spurious,,,,,
A001102,48,False,genuine_spurious,,,,,
A001103,46,False,genuine_spurious,,,,,
A001104,39,False,undetermined,,,,,
A001129,36,False,undetermined,,,,,
A001156,68,False,genuine_spurious,,,,,
A001307,50,False,genuine_spurious,,,,,
A001310,59,False,genuine_spurious,,,,,
A001319,73,False,genuine_spurious,,,,,
A001343,85,False,genuine_spurious,,,,,
A001362,60,False,genuine_spurious,,,,,
A001419,30,False,undetermined,,,,,
A001422,31,False,undetermined,,,,,
A001476,69,False,genuine_spurious,,,,,
A001584,60,False,genuine_spurious,,,,,
A001617,102,False,genuine_spurious,,,,,
A001676,63,False,genuine_spurious,,,,,
A001745,66,False,genuine_spurious,,,,,
A001899,87,False,genuine_spurious,,,,,
A001951,72,False,genuine_spurious,,,,,
A001952,58,False,genuine_spurious,,,,,
A001987,42,False,genuine_spurious,,,,,
A001991,35,False,undetermined,,,,,
A002015,60,False,genuine_spurious,,,,,
A002113,61,False,genuine_spurious,,,,,
A002124,59,False,genuine_spurious,,,,,
A002373,98,False,genuine_spurious,,,,,
A002374,72,False,genuine_spurious,,,,,
A002376,105,False,genuine_spurious,,,,,
A002473,65,False,genuine_spurious,,,,,
A002569,54,False,genuine_spurious,,,,,
A002574,40,False,genuine_spurious,,,,,
A002796,62,False,genuine_spurious,,,,,
A002808,64,False,genuine_spurious,,,,,
A002892,41,False,genuine_spurious,,,,,
A002924,41,False,genuine_spurious,,,,,
A002962,32,False,undetermined,,,,,
A002998,46,False,genuine_spurious,,,,,
A003004,70,False,genuine_spurious,,,,,
A003005,69,False,genuine_spurious,,,,,
A003045,62,False,genuine_spurious,,,,,
A003073,49,False,genuine_spurious,,,,,
A003074,93,False,genuine_spurious,,,,,
A003108,87,False,genuine_spurious,,,,,
A003132,71,False,genuine_spurious,,,,,
A003143,42,False,genuine_spurious,,,,,
A003151,60,False,genuine_spurious,,,,,
A003171,59,False,genuine_spurious,,,,,
A003196,41,False,genuine_spurious,,,,,
A003252,59,False,genuine_spurious,,,,,
A003351,49,False,genuine_spurious,,,,,
A003352,40,False,genuine_spurious,,,,,
A003353,51,False,genuine_spurious,,,,,
A003354,51,False,genuine_spurious,,,,,
A003355,52,False,genuine_spurious,,,,,
A003356,52,False,genuine_spurious,,,,,
A003357,53,False,genuine_spurious,,,,,
A003362,47,False,genuine_spurious,,,,,
A003363,47,False,genuine_spurious,,,,,
A003364,48,False,genuine_spurious,,,,,
A003365,48,False,genuine_spurious,,,,,
A003368,48,False,genuine_spurious,,,,,
A003373,41,False,genuine_spurious,,,,,
A003374,44,False,genuine_spurious,,,,,
A003375,45,False,genuine_spurious,,,,,
A003384,40,False,genuine_spurious,,,,,
A003385,40,False,genuine_spurious,,,,,
A003395,39,False,undetermined,,,,,
A003396,40,False,genuine_spurious,,,,,
A003428,30,False,undetermined,,,,,
A003587,67,False,genuine_spurious,,,,,
A003589,60,False,genuine_spurious,,,,,
A003619,50,True,truncation_artifact,5.0,2.0,324.0,1.0,
A003630,55,False,genuine_spurious,,,,,
A003636,102,False,genuine_spurious,,,,,
A003638,75,False,genuine_spurious,,,,,
A003639,104,False,genuine_spurious,,,,,
A003648,104,False,genuine_spurious,,,,,
A003650,105,False,genuine_spurious,,,,,
A003652,105,False,genuine_spurious,,,,,
A003726,60,False,genuine_spurious,,,,,
A003796,69,False,genuine_spurious,,,,,
A003893,105,False,genuine_spurious,,,,,
A003896,30,False,undetermined,,,,,
A003964,70,False,genuine_spurious,,,,,
A004014,58,False,genuine_spurious,,,,,
A004052,44,False,genuine_spurious,,,,,
A004084,54,False,genuine_spurious,,,,,
A004086,75,False,genuine_spurious,,,,,
A004090,68,False,genuine_spurious,,,,,
A004091,48,False,genuine_spurious,,,,,
A004151,120,False,genuine_spurious,,,,,
A004162,77,False,genuine_spurious,,,,,
A004170,36,False,undetermined,,,,,
A004182,73,False,genuine_spurious,,,,,
A004183,72,False,genuine_spurious,,,,,
A004184,72,False,genuine_spurious,,,,,
A004185,75,False,genuine_spurious,,,,,
A004186,73,False,genuine_spurious,,,,,
A004195,35,False,undetermined,,,,,
A004215,55,False,genuine_spurious,,,,,
A004426,108,False,genuine_spurious,,,,,
A004427,108,False,genuine_spurious,,,,,
A004428,108,False,genuine_spurious,,,,,
A004429,108,False,genuine_spurious,,,,,
A004430,108,False,genuine_spurious,,,,,
A004437,56,False,genuine_spurious,,,,,
A004440,89,False,genuine_spurious,,,,,
A004448,83,False,genuine_spurious,,,,,
A004449,67,False,genuine_spurious,,,,,
A004452,67,False,genuine_spurious,,,,,
A004461,67,False,genuine_spurious,,,,,
A004464,67,False,genuine_spurious,,,,,
A004465,67,False,genuine_spurious,,,,,
A004499,68,False,genuine_spurious,,,,,
A004500,68,False,genuine_spurious,,,,,
A004514,73,False,genuine_spurious,,,,,
A004515,56,False,genuine_spurious,,,,,
A004516,68,False,genuine_spurious,,,,,
A004530,122,False,genuine_spurious,,,,,
A004611,55,False,genuine_spurious,,,,,
A004692,39,False,undetermined,,,,,
A004699,43,False,genuine_spurious,,,,,
A004709,72,False,genuine_spurious,,,,,
A004719,120,False,genuine_spurious,,,,,
A004720,74,False,genuine_spurious,,,,,
A004721,74,False,genuine_spurious,,,,,
A004726,72,False,genuine_spurious,,,,,
A004727,71,False,genuine_spurious,,,,,
A004728,71,False,genuine_spurious,,,,,
A004744,67,False,genuine_spurious,,,,,
A004745,67,False,genuine_spurious,,,,,
A004746,68,False,genuine_spurious,,,,,
A004765,69,False,genuine_spurious,,,,,
A004774,69,False,genuine_spurious,,,,,
A004775,69,False,genuine_spurious,,,,,
A004777,69,False,genuine_spurious,,,,,
A004806,36,False,undetermined,,,,,
A004807,37,False,undetermined,,,,,
A004817,35,False,undetermined,,,,,
A004818,36,False,undetermined,,,,,
A004828,66,False,genuine_spurious,,,,,
A004835,63,False,genuine_spurious,,,,,
A004836,54,False,genuine_spurious,,,,,
A004837,55,False,genuine_spurious,,,,,
A004838,57,False,genuine_spurious,,,,,
A004846,49,False,genuine_spurious,,,,,
A004847,50,False,genuine_spurious,,,,,
A004848,51,False,genuine_spurious,,,,,
A004849,52,False,genuine_spurious,,,,,
A004857,47,False,genuine_spurious,,,,,
A004858,48,False,genuine_spurious,,,,,
A004859,48,False,genuine_spurious,,,,,
A004860,49,False,genuine_spurious,,,,,
A004868,50,False,genuine_spurious,,,,,
A004869,52,False,genuine_spurious,,,,,
A004870,54,False,genuine_spurious,,,,,
A004871,55,False,genuine_spurious,,,,,
A004879,40,False,genuine_spurious,,,,,
A004880,42,False,genuine_spurious,,,,,
A004881,51,False,genuine_spurious,,,,,
A004882,44,False,genuine_spurious,,,,,
A004890,44,False,genuine_spurious,,,,,
A004891,36,False,undetermined,,,,,
A004892,40,False,genuine_spurious,,,,,
A004893,50,False,genuine_spurious,,,,,
A004901,43,False,genuine_spurious,,,,,
A004902,36,False,undetermined,,,,,
A004903,39,False,undetermined,,,,,
A004904,39,False,undetermined,,,,,
A004912,40,False,genuine_spurious,,,,,
A004913,42,False,genuine_spurious,,,,,
A004914,45,False,genuine_spurious,,,,,
A004915,34,True,truncation_artifact,5.0,3.0,540.0,3.0,
A004959,46,False,genuine_spurious,,,,,
A005050,66,False,genuine_spurious,,,,,
A005070,111,False,genuine_spurious,,,,,
A005071,91,False,genuine_spurious,,,,,
A005072,79,False,genuine_spurious,,,,,
A005073,74,False,genuine_spurious,,,,,
A005088,91,False,genuine_spurious,,,,,
A005100,66,False,genuine_spurious,,,,,
A005136,34,False,undetermined,,,,,
A005153,60,False,genuine_spurious,,,,,
A005181,40,False,genuine_spurious,,,,,
A005188,37,False,undetermined,,,,,
A005231,38,False,undetermined,,,,,
A005349,61,False,genuine_spurious,,,,,
A005379,74,False,genuine_spurious,,,,,
A005472,67,False,genuine_spurious,,,,,
A005496,38,False,undetermined,,,,,
A005524,69,False,genuine_spurious,,,,,
A005555,63,False,genuine_spurious,,,,,
A005599,83,False,genuine_spurious,,,,,
A005630,30,False,undetermined,,,,,
A005709,55,False,genuine_spurious,,,,,
A005710,56,False,genuine_spurious,,,,,
A005711,57,False,genuine_spurious,,,,,
A005813,66,False,genuine_spurious,,,,,
A005838,70,False,genuine_spurious,,,,,
A005842,56,False,genuine_spurious,,,,,
A005848,30,False,undetermined,,,,,
A005857,32,False,undetermined,,,,,
A005871,136,False,genuine_spurious,,,,,
A005888,130,False,genuine_spurious,,,,,
A005929,105,False,genuine_spurious,,,,,
A005934,40,False,genuine_spurious,,,,,
A006092,46,False,genuine_spurious,,,,,
A006211,35,False,undetermined,,,,,
A006337,105,False,genuine_spurious,,,,,
A006803,35,False,undetermined,,,,,
A006851,37,False,undetermined,,,,,
A006958,32,False,undetermined,,,,,
A006983,37,False,undetermined,,,,,
A006991,59,False,genuine_spurious,,,,,
A007055,42,False,genuine_spurious,,,,,
A007059,36,False,undetermined,,,,,
A007064,52,False,genuine_spurious,,,,,
A007072,57,False,genuine_spurious,,,,,
A007073,57,False,genuine_spurious,,,,,
A007093,64,False,genuine_spurious,,,,,
A007094,74,False,genuine_spurious,,,,,
A007095,77,False,genuine_spurious,,,,,
A007208,71,False,genuine_spurious,,,,,
A007270,44,False,genuine_spurious,,,,,
A007271,42,False,genuine_spurious,,,,,
A007294,59,False,genuine_spurious,,,,,
A007298,60,False,genuine_spurious,,,,,
A007326,48,False,genuine_spurious,,,,,
A007333,50,True,truncation_artifact,6.0,2.0,672.0,1.0,
A007376,106,False,genuine_spurious,,,,,
A007377,36,False,undetermined,,,,,
A007385,53,False,genuine_spurious,,,,,
A007386,56,False,genuine_spurious,,,,,
A007388,53,False,genuine_spurious,,,,,
A007389,60,False,genuine_spurious,,,,,
A007392,51,False,genuine_spurious,,,,,
A007393,54,False,genuine_spurious,,,,,
A007394,58,False,genuine_spurious,,,,,
A007448,71,False,genuine_spurious,,,,,
A007532,50,False,genuine_spurious,,,,,
A007538,84,False,genuine_spurious,,,,,
A007602,53,False,genuine_spurious,,,,,
A007603,73,False,genuine_spurious,,,,,
A007623,51,False,genuine_spurious,,,,,
A007635,48,False,genuine_spurious,,,,,
A007637,43,False,genuine_spurious,,,,,
A007639,45,False,genuine_spurious,,,,,
A007732,90,False,genuine_spurious,,,,,
A007737,88,False,genuine_spurious,,,,,
A007813,78,False,genuine_spurious,,,,,
A007887,81,False,genuine_spurious,,,,,
A007922,78,False,genuine_spurious,,,,,
A007932,52,False,genuine_spurious,,,,,
A007948,73,False,genuine_spurious,,,,,
A007953,88,False,genuine_spurious,,,,,
A007954,108,False,genuine_spurious,,,,,
A007963,78,False,genuine_spurious,,,,,
A007964,65,False,genuine_spurious,,,,,
A008086,49,False,genuine_spurious,,,,,
A008284,105,False,genuine_spurious,,,,,
A008287,70,False,genuine_spurious,,,,,
A008289,91,False,genuine_spurious,,,,,
A008326,66,False,genuine_spurious,,,,,
A008327,72,False,genuine_spurious,,,,,
A008330,70,False,genuine_spurious,,,,,
A008406,79,False,genuine_spurious,,,,,
A008435,60,False,genuine_spurious,,,,,
A008436,57,False,genuine_spurious,,,,,
A008437,105,False,genuine_spurious,,,,,
A008521,69,False,genuine_spurious,,,,,
A008536,65,False,genuine_spurious,,,,,
A008550,66,False,genuine_spurious,,,,,
A008609,38,False,undetermined,,,,,
A008617,78,False,genuine_spurious,,,,,
A008618,78,False,genuine_spurious,,,,,
A008626,102,False,genuine_spurious,,,,,
A008651,106,False,genuine_spurious,,,,,
A008668,76,False,genuine_spurious,,,,,
A008725,62,False,genuine_spurious,,,,,
A008767,70,False,genuine_spurious,,,,,
A008803,75,False,genuine_spurious,,,,,
A008834,81,False,genuine_spurious,,,,,
A008838,71,False,genuine_spurious,,,,,
A008857,72,False,genuine_spurious,,,,,
A008874,59,False,genuine_spurious,,,,,
A008875,58,False,genuine_spurious,,,,,
A008881,47,False,genuine_spurious,,,,,
A008896,49,False,genuine_spurious,,,,,
A008899,49,False,genuine_spurious,,,,,
A008920,45,False,genuine_spurious,,,,,
A008924,49,False,genuine_spurious,,,,,
A008925,46,False,genuine_spurious,,,,,
A008963,99,False,genuine_spurious,,,,,
A008967,100,False,genuine_spurious,,,,,
A008968,94,False,genuine_spurious,,,,,
A009101,59,False,genuine_spurious,,,,,
A009641,45,False,genuine_spurious,,,,,
A009694,46,False,genuine_spurious,,,,,
A009714,45,False,genuine_spurious,,,,,
A009993,66,False,genuine_spurious,,,,,
A009994,65,False,genuine_spurious,,,,,
A009995,69,False,genuine_spurious,,,,,
A009996,70,False,genuine_spurious,,,,,
A010048,66,False,genuine_spurious,,,,,
A010064,57,False,genuine_spurious,,,,,
A010072,53,False,genuine_spurious,,,,,
A010073,83,False,genuine_spurious,,,,,
A010074,75,False,genuine_spurious,,,,,
A010075,96,False,genuine_spurious,,,,,
A010076,75,False,genuine_spurious,,,,,
A010077,75,False,genuine_spurious,,,,,
A010103,52,False,genuine_spurious,,,,,
A010104,69,False,genuine_spurious,,,,,
A010105,44,False,genuine_spurious,,,,,
A010106,59,False,genuine_spurious,,,,,
A010108,55,False,genuine_spurious,,,,,
A010109,66,False,genuine_spurious,,,,,
A010110,47,False,genuine_spurious,,,,,
A010112,38,False,undetermined,,,,,
A010114,43,False,genuine_spurious,,,,,
A010116,44,False,genuine_spurious,,,,,
A010117,56,False,genuine_spurious,,,,,
A010119,49,False,genuine_spurious,,,,,
A010143,77,False,genuine_spurious,,,,,
A010194,77,False,genuine_spurious,,,,,
A010351,32,False,undetermined,,,,,
A010352,30,False,undetermined,,,,,
A010353,36,False,undetermined,,,,,
A010354,37,False,undetermined,,,,,
A010358,78,False,genuine_spurious,,,,,
A010432,36,False,undetermined,,,,,
A010459,44,False,genuine_spurious,,,,,
A010747,34,False,undetermined,,,,,
A010750,32,False,undetermined,,,,,
A010785,52,False,genuine_spurious,,,,,
A010876,105,False,genuine_spurious,,,,,
A010877,81,False,genuine_spurious,,,,,
A010878,105,False,genuine_spurious,,,,,
A010879,81,False,genuine_spurious,,,,,
A010880,78,False,genuine_spurious,,,,,
A010881,84,False,genuine_spurious,,,,,
A010886,81,False,genuine_spurious,,,,,
A010887,81,False,genuine_spurious,,,,,
A010888,105,False,genuine_spurious,,,,,
A010889,101,False,genuine_spurious,,,,,
A011185,51,False,genuine_spurious,,,,,
A011533,53,False,genuine_spurious,,,,,
A011537,56,False,genuine_spurious,,,,,
A011538,56,False,genuine_spurious,,,,,
A011597,81,False,genuine_spurious,,,,,
A011620,81,False,genuine_spurious,,,,,
A011629,81,False,genuine_spurious,,,,,
A011630,81,False,genuine_spurious,,,,,
A011639,49,False,genuine_spurious,,,,,
A011642,61,False,genuine_spurious,,,,,
A011651,41,False,genuine_spurious,,,,,
A011654,97,False,genuine_spurious,,,,,
A011659,81,False,genuine_spurious,,,,,
A011667,81,False,genuine_spurious,,,,,
A011673,81,False,genuine_spurious,,,,,
A011674,102,False,genuine_spurious,,,,,
A011675,102,False,genuine_spurious,,,,,
A011676,102,False,genuine_spurious,,,,,
A011677,102,False,genuine_spurious,,,,,
A011678,102,False,genuine_spurious,,,,,
A011679,102,False,genuine_spurious,,,,,
A011680,102,False,genuine_spurious,,,,,
A011681,102,False,genuine_spurious,,,,,
A011682,102,False,genuine_spurious,,,,,
A011683,102,False,genuine_spurious,,,,,
A011684,102,False,genuine_spurious,,,,,
A011685,102,False,genuine_spurious,,,,,
A011686,102,False,genuine_spurious,,,,,
A011687,102,False,genuine_spurious,,,,,
A011688,102,False,genuine_spurious,,,,,
A011689,102,False,genuine_spurious,,,,,
A011690,102,False,genuine_spurious,,,,,
A011691,102,False,genuine_spurious,,,,,
A011692,81,False,genuine_spurious,,,,,
A011693,81,False,genuine_spurious,,,,,
A011694,81,False,genuine_spurious,,,,,
A011695,81,False,genuine_spurious,,,,,
A011696,81,False,genuine_spurious,,,,,
A011697,81,False,genuine_spurious,,,,,
A011698,81,False,genuine_spurious,,,,,
A011699,81,False,genuine_spurious,,,,,
A011700,81,False,genuine_spurious,,,,,
A011701,81,False,genuine_spurious,,,,,
A011702,81,False,genuine_spurious,,,,,
A011703,81,False,genuine_spurious,,,,,
A011704,81,False,genuine_spurious,,,,,
A011705,81,False,genuine_spurious,,,,,
A011706,81,False,genuine_spurious,,,,,
A011707,81,False,genuine_spurious,,,,,
A011708,81,False,genuine_spurious,,,,,
A011709,81,False,genuine_spurious,,,,,
A011710,81,False,genuine_spurious,,,,,
A011711,81,False,genuine_spurious,,,,,
A011712,81,False,genuine_spurious,,,,,
A011713,81,False,genuine_spurious,,,,,
A011714,81,False,genuine_spurious,,,,,
A011715,81,False,genuine_spurious,,,,,
A011716,81,False,genuine_spurious,,,,,
A011717,81,False,genuine_spurious,,,,,
A011718,81,False,genuine_spurious,,,,,
A011719,81,False,genuine_spurious,,,,,
A011720,81,False,genuine_spurious,,,,,
A011721,81,False,genuine_spurious,,,,,
A011722,81,False,genuine_spurious,,,,,
A011723,81,False,genuine_spurious,,,,,
A011724,81,False,genuine_spurious,,,,,
A011725,81,False,genuine_spurious,,,,,
A011726,81,False,genuine_spurious,,,,,
A011727,81,False,genuine_spurious,,,,,
A011729,81,False,genuine_spurious,,,,,
A011752,83,False,genuine_spurious,,,,,
A011766,33,True,truncation_artifact,6.0,2.0,842.0,1.0,
A011770,33,True,truncation_artifact,6.0,2.0,846.0,1.0,
A011771,33,True,truncation_artifact,5.0,3.0,714.0,1.0,
A011793,83,False,genuine_spurious,,,,,
A011797,37,False,undetermined,,,,,
A011843,46,False,genuine_spurious,,,,,
A011844,43,False,genuine_spurious,,,,,
A011845,42,False,genuine_spurious,,,,,
A011846,36,False,undetermined,,,,,
A011847,91,False,genuine_spurious,,,,,
A011851,47,False,genuine_spurious,,,,,
A011852,43,False,genuine_spurious,,,,,
A011853,41,False,genuine_spurious,,,,,
A011854,41,False,genuine_spurious,,,,,
A011855,41,False,genuine_spurious,,,,,
A011856,36,False,undetermined,,,,,
A011874,61,False,genuine_spurious,,,,,
A011875,69,False,genuine_spurious,,,,,
A011876,69,False,genuine_spurious,,,,,
A011877,69,False,genuine_spurious,,,,,
A011878,63,False,genuine_spurious,,,,,
A011879,63,False,genuine_spurious,,,,,
A011880,70,False,genuine_spurious,,,,,
A011881,59,False,genuine_spurious,,,,,
A011882,72,False,genuine_spurious,,,,,
A011883,72,False,genuine_spurious,,,,,
A011884,72,False,genuine_spurious,,,,,
A011885,71,False,genuine_spurious,,,,,
A011991,51,False,genuine_spurious,,,,,
A013189,67,False,genuine_spurious,,,,,
A013322,70,False,genuine_spurious,,,,,
A013595,89,False,genuine_spurious,,,,,
A013633,79,False,genuine_spurious,,,,,
A013648,51,False,genuine_spurious,,,,,
A013675,99,False,genuine_spurious,,,,,
A013676,99,False,genuine_spurious,,,,,
A013677,99,False,genuine_spurious,,,,,
A013678,99,False,genuine_spurious,,,,,
A013937,72,False,genuine_spurious,,,,,
A013941,75,False,genuine_spurious,,,,,
A013984,37,False,undetermined,,,,,
A013985,37,False,undetermined,,,,,
A013986,37,False,undetermined,,,,,
A013987,41,False,genuine_spurious,,,,,
A014004,33,False,undetermined,,,,,
A014006,33,False,undetermined,,,,,
A014009,30,False,undetermined,,,,,
A014020,81,False,genuine_spurious,,,,,
A014022,81,False,genuine_spurious,,,,,
A014025,99,False,genuine_spurious,,,,,
A014029,81,False,genuine_spurious,,,,,
A014031,81,False,genuine_spurious,,,,,
A014035,81,False,genuine_spurious,,,,,
A014037,81,False,genuine_spurious,,,,,
A014045,81,False,genuine_spurious,,,,,
A014049,81,False,genuine_spurious,,,,,
A014054,81,False,genuine_spurious,,,,,
A014072,81,False,genuine_spurious,,,,,
A014074,81,False,genuine_spurious,,,,,
A014078,81,False,genuine_spurious,,,,,
A014082,105,False,genuine_spurious,,,,,
A014086,81,False,genuine_spurious,,,,,
A014091,71,False,genuine_spurious,,,,,
A014093,81,False,genuine_spurious,,,,,
A014094,81,True,truncation_artifact,1.0,3.0,132.0,3.0,
A014099,81,False,genuine_spurious,,,,,
A014100,81,True,truncation_artifact,1.0,3.0,132.0,3.0,
A014104,81,True,truncation_artifact,1.0,3.0,136.0,3.0,
A014124,81,True,truncation_artifact,1.0,3.0,140.0,3.0,
A014128,81,True,truncation_artifact,1.0,3.0,140.0,3.0,
A014129,81,False,genuine_spurious,,,,,
A014133,67,False,genuine_spurious,,,,,
A014135,81,False,genuine_spurious,,,,,
A014139,81,False,genuine_spurious,,,,,
A014141,81,False,genuine_spurious,,,,,
A014142,81,True,truncation_artifact,1.0,3.0,140.0,3.0,
A014147,81,False,genuine_spurious,,,,,
A014149,81,False,genuine_spurious,,,,,
A014152,81,True,truncation_artifact,1.0,3.0,140.0,3.0,
A014157,58,False,genuine_spurious,,,,,
A014163,81,False,genuine_spurious,,,,,
A014174,81,False,genuine_spurious,,,,,
A014179,81,True,truncation_artifact,1.0,3.0,132.0,3.0,
A014181,44,False,genuine_spurious,,,,,
A014186,42,False,genuine_spurious,,,,,
A014191,81,True,truncation_artifact,1.0,3.0,132.0,3.0,
A014196,81,True,truncation_artifact,1.0,3.0,144.0,3.0,
A014199,81,True,truncation_artifact,1.0,3.0,136.0,3.0,
A014239,81,True,truncation_artifact,1.0,3.0,140.0,3.0,
A014240,81,False,genuine_spurious,,,,,
A014247,81,True,truncation_artifact,1.0,3.0,140.0,3.0,
A014258,37,False,undetermined,,,,,
A014259,39,False,undetermined,,,,,
A014260,37,False,undetermined,,,,,
A014275,81,True,truncation_artifact,1.0,3.0,140.0,3.0,
A014282,81,False,genuine_spurious,,,,,
A014289,81,False,genuine_spurious,,,,,
A014295,81,True,truncation_artifact,1.0,3.0,140.0,3.0,
A014324,81,False,genuine_spurious,,,,,
A014339,81,False,genuine_spurious,,,,,
A014366,81,False,genuine_spurious,,,,,
A014383,81,True,truncation_artifact,1.0,3.0,144.0,3.0,
A014393,69,False,genuine_spurious,,,,,
A014407,60,False,genuine_spurious,,,,,
A014408,81,False,genuine_spurious,,,,,
A014421,72,False,genuine_spurious,,,,,
A014438,81,False,genuine_spurious,,,,,
A014459,51,False,genuine_spurious,,,,,
A014471,81,False,genuine_spurious,,,,,
A014491,98,False,genuine_spurious,,,,,
A014492,81,False,genuine_spurious,,,,,
A014534,81,False,genuine_spurious,,,,,
A014548,81,False,genuine_spurious,,,,,
A014555,81,False,genuine_spurious,,,,,
A014570,81,False,genuine_spurious,,,,,
A014578,99,False,genuine_spurious,,,,,
A014586,99,False,genuine_spurious,,,,,
A014589,98,False,genuine_spurious,,,,,
A014600,97,False,genuine_spurious,,,,,
A014618,81,False,genuine_spurious,,,,,
A014636,81,False,genuine_spurious,,,,,
A014639,81,False,genuine_spurious,,,,,
A014646,81,False,genuine_spurious,,,,,
A014649,94,False,genuine_spurious,,,,,
A014651,83,False,genuine_spurious,,,,,
A014660,81,False,genuine_spurious,,,,,
A014671,71,False,genuine_spurious,,,,,
A014672,81,False,genuine_spurious,,,,,
A014677,92,False,genuine_spurious,,,,,
A014678,67,False,genuine_spurious,,,,,
A014723,81,False,genuine_spurious,,,,,
A014724,81,False,genuine_spurious,,,,,
A014726,54,False,genuine_spurious,,,,,
A014734,41,False,genuine_spurious,,,,,
A014744,81,False,genuine_spurious,,,,,
A014750,81,False,genuine_spurious,,,,,
A014768,81,False,genuine_spurious,,,,,
A014786,81,False,genuine_spurious,,,,,
A014807,81,False,genuine_spurious,,,,,
A014834,81,False,genuine_spurious,,,,,
A014858,37,False,undetermined,,,,,
A014867,81,False,genuine_spurious,,,,,
A014870,81,False,genuine_spurious,,,,,
A014885,45,False,genuine_spurious,,,,,
A014906,81,False,genuine_spurious,,,,,
A014912,81,False,genuine_spurious,,,,,
A014933,81,False,genuine_spurious,,,,,
A014944,81,False,genuine_spurious,,,,,
A014966,81,False,genuine_spurious,,,,,
A014975,81,False,genuine_spurious,,,,,
A014984,81,False,genuine_spurious,,,,,
A014996,81,False,genuine_spurious,,,,,
A015010,81,False,genuine_spurious,,,,,
A015032,81,False,genuine_spurious,,,,,
A015054,81,False,genuine_spurious,,,,,
A015059,81,False,genuine_spurious,,,,,
A015066,51,False,genuine_spurious,,,,,
A015068,51,False,genuine_spurious,,,,,
A015070,51,False,genuine_spurious,,,,,
A015087,81,False,genuine_spurious,,,,,
A015101,81,False,genuine_spurious,,,,,
A015114,81,False,genuine_spurious,,,,,
A015122,81,False,genuine_spurious,,,,,
A015131,81,False,genuine_spurious,,,,,
A015137,100,False,genuine_spurious,,,,,
A015140,81,False,genuine_spurious,,,,,
A015159,51,False,genuine_spurious,,,,,
A015161,102,False,genuine_spurious,,,,,
A015165,71,False,genuine_spurious,,,,,
A015182,81,False,genuine_spurious,,,,,
A015218,81,False,genuine_spurious,,,,,
A015227,81,False,genuine_spurious,,,,,
A015230,81,False,genuine_spurious,,,,,
A015241,81,False,genuine_spurious,,,,,
A015244,81,False,genuine_spurious,,,,,
A015248,81,False,genuine_spurious,,,,,
A015263,81,False,genuine_spurious,,,,,
A015269,81,False,genuine_spurious,,,,,
A015274,81,False,genuine_spurious,,,,,
A015283,81,False,genuine_spurious,,,,,
A015284,81,False,genuine_spurious,,,,,
A015290,81,False,genuine_spurious,,,,,
A015311,81,False,genuine_spurious,,,,,
A015318,81,False,genuine_spurious,,,,,
A015320,81,False,genuine_spurious,,,,,
A015335,81,False,genuine_spurious,,,,,
A015362,81,False,genuine_spurious,,,,,
A015416,81,False,genuine_spurious,,,,,
A015428,81,False,genuine_spurious,,,,,
A015437,81,False,genuine_spurious,,,,,
A015439,81,False,genuine_spurious,,,,,
A015452,81,False,genuine_spurious,,,,,
A015472,81,False,genuine_spurious,,,,,
A015491,81,False,genuine_spurious,,,,,
A015500,81,False,genuine_spurious,,,,,
A015504,81,False,genuine_spurious,,,,,
A015527,81,False,genuine_spurious,,,,,
A015542,81,False,genuine_spurious,,,,,
A015549,81,False,genuine_spurious,,,,,
A015556,81,False,genuine_spurious,,,,,
A015560,81,False,genuine_spurious,,,,,
A015563,81,False,genuine_spurious,,,,,
A015604,81,False,genuine_spurious,,,,,
A015605,81,False,genuine_spurious,,,,,
A015608,81,False,genuine_spurious,,,,,
A015624,81,False,genuine_spurious,,,,,
A015626,81,False,genuine_spurious,,,,,
A015659,81,False,genuine_spurious,,,,,
A015662,81,False,genuine_spurious,,,,,
A015668,81,False,genuine_spurious,,,,,
A015686,81,False,genuine_spurious,,,,,
A015698,45,False,genuine_spurious,,,,,
A015699,47,False,genuine_spurious,,,,,
A015714,81,False,genuine_spurious,,,,,
A015725,81,False,genuine_spurious,,,,,
A015731,81,False,genuine_spurious,,,,,
A015738,81,False,genuine_spurious,,,,,
A015742,54,False,genuine_spurious,,,,,
A015743,54,False,genuine_spurious,,,,,
A015752,81,True,truncation_artifact,2.0,2.0,96.0,2.0,
A015753,57,False,genuine_spurious,,,,,
A015758,81,False,genuine_spurious,,,,,
A015780,81,False,genuine_spurious,,,,,
A015803,81,False,genuine_spurious,,,,,
A015815,81,False,genuine_spurious,,,,,
A015818,57,False,genuine_spurious,,,,,
A015829,81,False,genuine_spurious,,,,,
A015842,81,False,genuine_spurious,,,,,
A015845,58,False,genuine_spurious,,,,,
A015878,81,True,truncation_artifact,2.0,2.0,96.0,2.0,
A015879,81,False,genuine_spurious,,,,,
A015894,81,False,genuine_spurious,,,,,
A015920,81,False,genuine_spurious,,,,,
A015923,81,False,genuine_spurious,,,,,
A015941,81,False,genuine_spurious,,,,,
A015956,81,False,genuine_spurious,,,,,
A015959,81,False,genuine_spurious,,,,,
A015964,81,False,genuine_spurious,,,,,
A015982,45,False,genuine_spurious,,,,,
A015983,81,False,genuine_spurious,,,,,
A015986,42,False,genuine_spurious,,,,,
A015988,41,False,genuine_spurious,,,,,
A015989,81,False,genuine_spurious,,,,,
A015990,47,False,genuine_spurious,,,,,
A015991,35,False,undetermined,,,,,
A016011,81,False,genuine_spurious,,,,,
A016014,99,False,genuine_spurious,,,,,
A016020,35,False,undetermined,,,,,
A016022,81,False,genuine_spurious,,,,,
A016024,81,False,genuine_spurious,,,,,
A016025,38,False,undetermined,,,,,
A016044,81,False,genuine_spurious,,,,,
A016052,52,False,genuine_spurious,,,,,
A016055,81,False,genuine_spurious,,,,,
A016069,45,False,genuine_spurious,,,,,
A016076,81,False,genuine_spurious,,,,,
A016085,56,False,genuine_spurious,,,,,
A016089,32,False,undetermined,,,,,
A016099,81,False,genuine_spurious,,,,,
A016102,81,False,genuine_spurious,,,,,
A016194,81,False,genuine_spurious,,,,,
A016219,81,False,genuine_spurious,,,,,
A016220,81,False,genuine_spurious,,,,,
A016235,81,False,genuine_spurious,,,,,
A016242,81,False,genuine_spurious,,,,,
A016264,81,False,genuine_spurious,,,,,
A016270,81,False,genuine_spurious,,,,,
A016271,81,False,genuine_spurious,,,,,
A016310,81,False,genuine_spurious,,,,,
A016330,49,False,genuine_spurious,,,,,
A016332,89,False,genuine_spurious,,,,,
A016334,49,False,genuine_spurious,,,,,
A016335,81,False,genuine_spurious,,,,,
A016337,41,False,genuine_spurious,,,,,
A016338,61,False,genuine_spurious,,,,,
A016341,81,False,genuine_spurious,,,,,
A016347,49,False,genuine_spurious,,,,,
A016348,73,False,genuine_spurious,,,,,
A016351,81,False,genuine_spurious,,,,,
A016355,81,False,genuine_spurious,,,,,
A016356,81,False,genuine_spurious,,,,,
A016359,81,False,genuine_spurious,,,,,
A016360,81,False,genuine_spurious,,,,,
A016363,81,False,genuine_spurious,,,,,
A016364,81,False,genuine_spurious,,,,,
A016365,81,False,genuine_spurious,,,,,
A016368,81,False,genuine_spurious,,,,,
A016369,81,False,genuine_spurious,,,,,
A016371,81,False,genuine_spurious,,,,,
A016373,81,False,genuine_spurious,,,,,
A016376,81,False,genuine_spurious,,,,,
A016378,81,False,genuine_spurious,,,,,
A016380,81,False,genuine_spurious,,,,,
A016381,81,False,genuine_spurious,,,,,
A016382,81,False,genuine_spurious,,,,,
A016386,81,False,genuine_spurious,,,,,
A016387,81,False,genuine_spurious,,,,,
A016391,81,False,genuine_spurious,,,,,
A016394,81,False,genuine_spurious,,,,,
A016395,81,False,genuine_spurious,,,,,
A016396,81,False,genuine_spurious,,,,,
A016399,81,False,genuine_spurious,,,,,
A016401,81,False,genuine_spurious,,,,,
A016402,81,False,genuine_spurious,,,,,
A016403,81,False,genuine_spurious,,,,,
A016405,81,False,genuine_spurious,,,,,
A016408,81,False,genuine_spurious,,,,,
A016411,81,False,genuine_spurious,,,,,
A016412,81,False,genuine_spurious,,,,,
A016413,81,False,genuine_spurious,,,,,
A016418,81,False,genuine_spurious,,,,,
A016419,81,False,genuine_spurious,,,,,
A016420,81,False,genuine_spurious,,,,,
A016422,81,False,genuine_spurious,,,,,
A016423,81,False,genuine_spurious,,,,,
A016424,81,False,genuine_spurious,,,,,
A016426,81,False,genuine_spurious,,,,,
A017821,41,False,genuine_spurious,,,,,
A017822,41,False,genuine_spurious,,,,,
A017823,41,False,genuine_spurious,,,,,
A017824,41,False,genuine_spurious,,,,,
A017825,41,False,genuine_spurious,,,,,
A017826,41,False,genuine_spurious,,,,,
A017832,45,False,genuine_spurious,,,,,
A017833,45,False,genuine_spurious,,,,,
A017834,44,False,genuine_spurious,,,,,
A017835,44,False,genuine_spurious,,,,,
A017836,44,False,genuine_spurious,,,,,
A017843,47,False,genuine_spurious,,,,,
A017844,47,False,genuine_spurious,,,,,
A017845,47,False,genuine_spurious,,,,,
A017846,47,False,genuine_spurious,,,,,
A017847,79,False,genuine_spurious,,,,,
A017848,58,False,genuine_spurious,,,,,
A017849,54,False,genuine_spurious,,,,,
A017850,53,False,genuine_spurious,,,,,
A017851,51,False,genuine_spurious,,,,,
A017852,51,False,genuine_spurious,,,,,
A017853,51,False,genuine_spurious,,,,,
A017854,51,False,genuine_spurious,,,,,
A017855,50,False,genuine_spurious,,,,,
A017856,50,False,genuine_spurious,,,,,
A017857,71,False,genuine_spurious,,,,,
A017858,62,False,genuine_spurious,,,,,
A017859,58,False,genuine_spurious,,,,,
A017860,56,False,genuine_spurious,,,,,
A017861,54,False,genuine_spurious,,,,,
A017862,54,False,genuine_spurious,,,,,
A017863,54,False,genuine_spurious,,,,,
A017864,54,False,genuine_spurious,,,,,
A017865,53,False,genuine_spurious,,,,,
A017866,53,False,genuine_spurious,,,,,
A017867,74,False,genuine_spurious,,,,,
A017868,65,False,genuine_spurious,,,,,
A017869,60,False,genuine_spurious,,,,,
A017870,58,False,genuine_spurious,,,,,
A017871,57,False,genuine_spurious,,,,,
A017872,57,False,genuine_spurious,,,,,
A017873,56,False,genuine_spurious,,,,,
A017874,55,False,genuine_spurious,,,,,
A017875,54,False,genuine_spurious,,,,,
A017876,62,False,genuine_spurious,,,,,
A017877,76,False,genuine_spurious,,,,,
A017878,68,False,genuine_spurious,,,,,
A017879,63,False,genuine_spurious,,,,,
A017880,61,False,genuine_spurious,,,,,
A017881,60,False,genuine_spurious,,,,,
A017882,59,False,genuine_spurious,,,,,
A017883,58,False,genuine_spurious,,,,,
A017884,58,False,genuine_spurious,,,,,
A017885,57,False,genuine_spurious,,,,,
A017886,57,False,genuine_spurious,,,,,
A017887,78,False,genuine_spurious,,,,,
A017888,70,False,genuine_spurious,,,,,
A017889,65,False,genuine_spurious,,,,,
A017890,77,False,genuine_spurious,,,,,
A017891,75,False,genuine_spurious,,,,,
A017892,74,False,genuine_spurious,,,,,
A017893,74,False,genuine_spurious,,,,,
A017894,73,False,genuine_spurious,,,,,
A017895,72,False,genuine_spurious,,,,,
A017896,72,False,genuine_spurious,,,,,
A017901,58,False,genuine_spurious,,,,,
A017902,60,False,genuine_spurious,,,,,
A017903,62,False,genuine_spurious,,,,,
A017904,64,False,genuine_spurious,,,,,
A017905,65,False,genuine_spurious,,,,,
A017906,66,False,genuine_spurious,,,,,
A017907,68,False,genuine_spurious,,,,,
A017908,70,False,genuine_spurious,,,,,
A017983,44,False,genuine_spurious,,,,,
A017989,38,False,undetermined,,,,,
A018048,57,False,genuine_spurious,,,,,
A018052,42,False,genuine_spurious,,,,,
A018073,32,False,undetermined,,,,,
A018082,36,False,undetermined,,,,,
A018124,42,False,genuine_spurious,,,,,
A018237,35,False,undetermined,,,,,
A018252,65,False,genuine_spurious,,,,,
A018676,32,False,undetermined,,,,,
A018791,33,False,undetermined,,,,,
A018792,33,False,undetermined,,,,,
A018793,33,False,undetermined,,,,,
A018794,33,False,undetermined,,,,,
A018795,33,False,undetermined,,,,,
A018813,53,False,genuine_spurious,,,,,
A018814,55,False,genuine_spurious,,,,,
A018815,58,False,genuine_spurious,,,,,
A018816,60,False,genuine_spurious,,,,,
A018817,61,False,genuine_spurious,,,,,
A018885,38,False,undetermined,,,,,
A018896,36,False,undetermined,,,,,
A019216,33,False,undetermined,,,,,
A019500,34,False,undetermined,,,,,
A019501,33,False,undetermined,,,,,
A019529,57,False,genuine_spurious,,,,,
A020483,103,False,genuine_spurious,,,,,
A020485,62,False,genuine_spurious,,,,,
A020656,71,False,genuine_spurious,,,,,
A020661,75,False,genuine_spurious,,,,,
A020662,74,False,genuine_spurious,,,,,
A020663,75,False,genuine_spurious,,,,,
A020664,75,False,genuine_spurious,,,,,
A020731,70,False,genuine_spurious,,,,,
A020740,64,False,genuine_spurious,,,,,
A020884,73,False,genuine_spurious,,,,,
A020891,73,False,genuine_spurious,,,,,
A020892,75,False,genuine_spurious,,,,,
A021013,35,False,undetermined,,,,,
A021085,99,False,genuine_spurious,,,,,
A021102,99,False,genuine_spurious,,,,,
A021123,99,False,genuine_spurious,,,,,
A021125,99,False,genuine_spurious,,,,,
A021146,99,False,genuine_spurious,,,,,
A021246,99,False,genuine_spurious,,,,,
A021247,99,False,genuine_spurious,,,,,
A021475,99,False,genuine_spurious,,,,,
A021877,99,False,genuine_spurious,,,,,
A021888,99,False,genuine_spurious,,,,,
A021895,99,False,genuine_spurious,,,,,
A021912,99,False,genuine_spurious,,,,,
A021992,99,False,genuine_spurious,,,,,
A021993,99,False,genuine_spurious,,,,,
A022001,99,False,genuine_spurious,,,,,
A022002,99,False,genuine_spurious,,,,,
A022070,52,False,genuine_spurious,,,,,
A022072,52,False,genuine_spurious,,,,,
A022074,52,False,genuine_spurious,,,,,
A022076,51,False,genuine_spurious,,,,,
A022078,49,False,genuine_spurious,,,,,
A022080,51,False,genuine_spurious,,,,,
A022082,49,False,genuine_spurious,,,,,
A022084,48,False,genuine_spurious,,,,,
A022158,59,False,genuine_spurious,,,,,
A022465,59,False,genuine_spurious,,,,,
A022486,48,False,genuine_spurious,,,,,
A022551,57,False,genuine_spurious,,,,,
A022556,74,False,genuine_spurious,,,,,
A022766,65,False,genuine_spurious,,,,,
A022772,67,False,genuine_spurious,,,,,
A022780,55,False,genuine_spurious,,,,,
A022787,44,False,genuine_spurious,,,,,
A022790,55,False,genuine_spurious,,,,,
A022804,57,False,genuine_spurious,,,,,
A022844,63,False,genuine_spurious,,,,,
A022847,66,False,genuine_spurious,,,,,
A022859,40,False,genuine_spurious,,,,,
A022860,40,False,genuine_spurious,,,,,
A022863,38,False,undetermined,,,,,
A022866,45,False,genuine_spurious,,,,,
A022877,46,False,genuine_spurious,,,,,
A022882,90,False,genuine_spurious,,,,,
A022896,49,False,genuine_spurious,,,,,
A022904,50,False,genuine_spurious,,,,,
A022920,49,False,genuine_spurious,,,,,
A022921,99,False,genuine_spurious,,,,,
A022927,99,False,genuine_spurious,,,,,
A022931,99,False,genuine_spurious,,,,,
A022932,121,False,genuine_spurious,,,,,
A022933,99,False,genuine_spurious,,,,,
A023032,35,False,undetermined,,,,,
A023033,32,False,undetermined,,,,,
A023034,31,False,undetermined,,,,,
A023052,38,False,undetermined,,,,,
A023106,33,False,undetermined,,,,,
A023125,78,False,genuine_spurious,,,,,
A023126,84,False,genuine_spurious,,,,,
A023358,63,False,genuine_spurious,,,,,
A023384,42,False,genuine_spurious,,,,,
A023388,47,False,genuine_spurious,,,,,
A023391,50,False,genuine_spurious,,,,,
A023392,53,False,genuine_spurious,,,,,
A023422,31,False,undetermined,,,,,
A023423,32,False,undetermined,,,,,
A023428,40,False,genuine_spurious,,,,,
A023429,40,False,genuine_spurious,,,,,
A023430,42,False,genuine_spurious,,,,,
A023437,36,False,undetermined,,,,,
A023438,41,False,genuine_spurious,,,,,
A023439,42,False,genuine_spurious,,,,,
A023440,36,False,undetermined,,,,,
A023441,36,False,undetermined,,,,,
A023442,36,False,undetermined,,,,,
A023584,99,False,genuine_spurious,,,,,
A023586,99,False,genuine_spurious,,,,,
A023591,99,False,genuine_spurious,,,,,
A023688,45,False,genuine_spurious,,,,,
A023689,45,False,genuine_spurious,,,,,
A023690,43,False,genuine_spurious,,,,,
A023691,37,False,undetermined,,,,,
A023697,36,False,undetermined,,,,,
A023698,36,False,undetermined,,,,,
A023702,45,False,genuine_spurious,,,,,
A023703,38,False,undetermined,,,,,
A023704,36,False,undetermined,,,,,
A023705,63,False,genuine_spurious,,,,,
A023716,45,False,genuine_spurious,,,,,
A023720,45,False,genuine_spurious,,,,,
A023736,40,False,genuine_spurious,,,,,
A023740,40,False,genuine_spurious,,,,,
A023749,65,False,genuine_spurious,,,,,
A023750,66,False,genuine_spurious,,,,,
A023751,66,False,genuine_spurious,,,,,
A023761,61,False,genuine_spurious,,,,,
A023762,60,False,genuine_spurious,,,,,
A023763,61,False,genuine_spurious,,,,,
A023764,63,False,genuine_spurious,,,,,
A023765,66,False,genuine_spurious,,,,,
A023766,66,False,genuine_spurious,,,,,
A023767,65,False,genuine_spurious,,,,,
A023768,64,False,genuine_spurious,,,,,
A023769,63,False,genuine_spurious,,,,,
A023770,62,False,genuine_spurious,,,,,
A023771,62,False,genuine_spurious,,,,,
A023776,64,False,genuine_spurious,,,,,
A023777,61,False,genuine_spurious,,,,,
A023778,61,False,genuine_spurious,,,,,
A023779,66,False,genuine_spurious,,,,,
A023788,63,False,genuine_spurious,,,,,
A023789,58,False,genuine_spurious,,,,,
A023790,61,False,genuine_spurious,,,,,
A023791,63,False,genuine_spurious,,,,,
A023792,64,False,genuine_spurious,,,,,
A023793,63,False,genuine_spurious,,,,,
A023794,62,False,genuine_spurious,,,,,
A023795,61,False,genuine_spurious,,,,,
A023796,61,False,genuine_spurious,,,,,
A023797,61,False,genuine_spurious,,,,,
A023802,68,False,genuine_spurious,,,,,
A023803,69,False,genuine_spurious,,,,,
A023804,69,False,genuine_spurious,,,,,
A023919,81,False,genuine_spurious,,,,,
A023921,75,False,genuine_spurious,,,,,
A023923,77,False,genuine_spurious,,,,,
A023924,56,False,genuine_spurious,,,,,
A023926,60,False,genuine_spurious,,,,,
A023928,58,False,genuine_spurious,,,,,
A023930,60,False,genuine_spurious,,,,,
A024153,100,False,genuine_spurious,,,,,
A024154,89,False,genuine_spurious,,,,,
A024155,100,False,genuine_spurious,,,,,
A024156,84,False,genuine_spurious,,,,,
A024157,100,False,genuine_spurious,,,,,
A024158,100,False,genuine_spurious,,,,,
A024159,99,False,genuine_spurious,,,,,
A024160,100,False,genuine_spurious,,,,,
A024161,91,False,genuine_spurious,,,,,
A024162,73,False,genuine_spurious,,,,,
A024165,89,False,genuine_spurious,,,,,
A024190,44,False,genuine_spurious,,,,,
A024316,90,False,genuine_spurious,,,,,
A024360,102,False,genuine_spurious,,,,,
A024390,51,True,truncation_artifact,5.0,3.0,312.0,2.0,
A024417,77,False,genuine_spurious,,,,,
A024506,31,False,undetermined,,,,,
A024536,52,False,genuine_spurious,,,,,
A024583,68,False,genuine_spurious,,,,,
A024632,54,False,genuine_spurious,,,,,
A024639,62,False,genuine_spurious,,,,,
A024640,58,False,genuine_spurious,,,,,
A024641,51,False,genuine_spurious,,,,,
A024642,48,False,genuine_spurious,,,,,
A024643,57,False,genuine_spurious,,,,,
A024644,63,False,genuine_spurious,,,,,
A024645,62,False,genuine_spurious,,,,,
A024646,54,False,genuine_spurious,,,,,
A024647,54,False,genuine_spurious,,,,,
A024650,67,False,genuine_spurious,,,,,
A024651,63,False,genuine_spurious,,,,,
A024652,63,False,genuine_spurious,,,,,
A024653,54,False,genuine_spurious,,,,,
A024654,52,False,genuine_spurious,,,,,
A024655,50,False,genuine_spurious,,,,,
A024656,49,False,genuine_spurious,,,,,
A024680,72,False,genuine_spurious,,,,,
A024681,73,False,genuine_spurious,,,,,
A024682,74,False,genuine_spurious,,,,,
A024684,65,False,genuine_spurious,,,,,
A024692,90,False,genuine_spurious,,,,,
A024698,78,False,genuine_spurious,,,,,
A024711,111,False,genuine_spurious,,,,,
A024722,40,False,genuine_spurious,,,,,
A024745,77,False,genuine_spurious,,,,,
A024791,52,False,genuine_spurious,,,,,
A024792,53,False,genuine_spurious,,,,,
A024793,52,False,genuine_spurious,,,,,
A024794,53,False,genuine_spurious,,,,,
A024806,69,False,genuine_spurious,,,,,
A024807,67,False,genuine_spurious,,,,,
A024843,49,False,genuine_spurious,,,,,
A024844,46,False,genuine_spurious,,,,,
A024846,47,False,genuine_spurious,,,,,
A024847,44,False,genuine_spurious,,,,,
A024848,44,False,genuine_spurious,,,,,
A024940,103,False,genuine_spurious,,,,,
A024943,111,False,genuine_spurious,,,,,
A024944,110,False,genuine_spurious,,,,,
A025048,41,False,genuine_spurious,,,,,
A025148,62,False,genuine_spurious,,,,,
A025149,65,False,genuine_spurious,,,,,
A025150,67,False,genuine_spurious,,,,,
A025151,69,False,genuine_spurious,,,,,
A025152,71,False,genuine_spurious,,,,,
A025153,73,False,genuine_spurious,,,,,
A025154,75,False,genuine_spurious,,,,,
A025155,76,False,genuine_spurious,,,,,
A025159,67,False,genuine_spurious,,,,,
A025160,68,False,genuine_spurious,,,,,
A025161,70,False,genuine_spurious,,,,,
A025162,71,False,genuine_spurious,,,,,
A025205,60,False,genuine_spurious,,,,,
A025219,45,False,genuine_spurious,,,,,
A025426,108,False,genuine_spurious,,,,,
A025427,108,False,genuine_spurious,,,,,
A025430,103,False,genuine_spurious,,,,,
A025431,100,False,genuine_spurious,,,,,
A025432,96,False,genuine_spurious,,,,,
A025433,95,False,genuine_spurious,,,,,
A025434,93,False,genuine_spurious,,,,,
A025437,108,False,genuine_spurious,,,,,
A025442,108,False,genuine_spurious,,,,,
A025449,108,False,genuine_spurious,,,,,
A025450,108,False,genuine_spurious,,,,,
A025451,108,False,genuine_spurious,,,,,
A025452,108,False,genuine_spurious,,,,,
A025453,108,False,genuine_spurious,,,,,
A025454,108,False,genuine_spurious,,,,,
A025455,108,False,genuine_spurious,,,,,
A025459,108,False,genuine_spurious,,,,,
A025460,108,False,genuine_spurious,,,,,
A025461,108,False,genuine_spurious,,,,,
A025462,108,False,genuine_spurious,,,,,
A025463,108,False,genuine_spurious,,,,,
A025464,108,False,genuine_spurious,,,,,
A025482,99,False,genuine_spurious,,,,,
A025548,73,False,genuine_spurious,,,,,
A025601,32,False,undetermined,,,,,
A025695,61,False,genuine_spurious,,,,,
A025708,56,False,genuine_spurious,,,,,
A025711,57,False,genuine_spurious,,,,,
A025715,54,False,genuine_spurious,,,,,
A025716,55,False,genuine_spurious,,,,,
A025723,53,False,genuine_spurious,,,,,
A025726,55,False,genuine_spurious,,,,,
A025728,51,False,genuine_spurious,,,,,
A025737,54,False,genuine_spurious,,,,,
A025746,54,False,genuine_spurious,,,,,
A025765,58,False,genuine_spurious,,,,,
A025774,61,False,genuine_spurious,,,,,
A025779,71,False,genuine_spurious,,,,,
A025782,71,False,genuine_spurious,,,,,
A025783,64,False,genuine_spurious,,,,,
A025784,72,False,genuine_spurious,,,,,
A025785,63,False,genuine_spurious,,,,,
A025786,64,False,genuine_spurious,,,,,
A025787,64,False,genuine_spurious,,,,,
A025788,65,False,genuine_spurious,,,,,
A025789,63,False,genuine_spurious,,,,,
A025790,65,False,genuine_spurious,,,,,
A025791,64,False,genuine_spurious,,,,,
A025792,65,False,genuine_spurious,,,,,
A025793,74,False,genuine_spurious,,,,,
A025794,66,False,genuine_spurious,,,,,
A025809,66,False,genuine_spurious,,,,,
A025810,80,False,genuine_spurious,,,,,
A025811,67,False,genuine_spurious,,,,,
A025816,67,False,genuine_spurious,,,,,
A025817,76,False,genuine_spurious,,,,,
A025818,69,False,genuine_spurious,,,,,
A025819,69,False,genuine_spurious,,,,,
A025820,69,False,genuine_spurious,,,,,
A025821,69,False,genuine_spurious,,,,,
A025822,71,False,genuine_spurious,,,,,
A025823,72,False,genuine_spurious,,,,,
A025824,72,False,genuine_spurious,,,,,
A025825,93,False,genuine_spurious,,,,,
A025826,73,False,genuine_spurious,,,,,
A025827,75,False,genuine_spurious,,,,,
A025839,70,False,genuine_spurious,,,,,
A025854,75,False,genuine_spurious,,,,,
A025855,76,False,genuine_spurious,,,,,
A025856,77,False,genuine_spurious,,,,,
A025857,77,False,genuine_spurious,,,,,
A025858,79,False,genuine_spurious,,,,,
A025861,71,False,genuine_spurious,,,,,
A025869,75,False,genuine_spurious,,,,,
A025875,80,False,genuine_spurious,,,,,
A025880,77,False,genuine_spurious,,,,,
A025889,85,False,genuine_spurious,,,,,
A025897,78,False,genuine_spurious,,,,,
A025898,79,False,genuine_spurious,,,,,
A025899,80,False,genuine_spurious,,,,,
A025900,80,False,genuine_spurious,,,,,
A025901,80,False,genuine_spurious,,,,,
A025902,80,False,genuine_spurious,,,,,
A025903,80,False,genuine_spurious,,,,,
A025904,80,False,genuine_spurious,,,,,
A025905,80,False,genuine_spurious,,,,,
A025906,80,False,genuine_spurious,,,,,
A025907,80,False,genuine_spurious,,,,,
A025908,80,False,genuine_spurious,,,,,
A025909,80,False,genuine_spurious,,,,,
A025910,80,False,genuine_spurious,,,,,
A025911,80,False,genuine_spurious,,,,,
A025912,80,False,genuine_spurious,,,,,
A025913,80,False,genuine_spurious,,,,,
A025914,80,False,genuine_spurious,,,,,
A025915,80,False,genuine_spurious,,,,,
A025916,80,False,genuine_spurious,,,,,
A025917,80,False,genuine_spurious,,,,,
A025918,80,False,genuine_spurious,,,,,
A025919,80,False,genuine_spurious,,,,,
A025920,80,False,genuine_spurious,,,,,
A025921,80,False,genuine_spurious,,,,,
A025922,80,False,genuine_spurious,,,,,
A025923,80,False,genuine_spurious,,,,,
A025924,80,False,genuine_spurious,,,,,
A025925,80,False,genuine_spurious,,,,,
A025926,80,False,genuine_spurious,,,,,
A026105,78,False,genuine_spurious,,,,,
A026233,70,False,genuine_spurious,,,,,
A026235,63,False,genuine_spurious,,,,,
A026261,66,False,genuine_spurious,,,,,
A026263,74,False,genuine_spurious,,,,,
A026268,78,False,genuine_spurious,,,,,
A026309,59,False,genuine_spurious,,,,,
A026318,48,False,genuine_spurious,,,,,
A026320,48,False,genuine_spurious,,,,,
A026405,75,False,genuine_spurious,,,,,
A026414,76,False,genuine_spurious,,,,,
A026417,59,False,genuine_spurious,,,,,
A026419,60,False,genuine_spurious,,,,,
A026421,59,False,genuine_spurious,,,,,
A026425,60,False,genuine_spurious,,,,,
A026432,60,False,genuine_spurious,,,,,
A026434,60,False,genuine_spurious,,,,,
A026436,60,False,genuine_spurious,,,,,
A026440,60,False,genuine_spurious,,,,,
A026447,60,False,genuine_spurious,,,,,
A026449,59,False,genuine_spurious,,,,,
A026452,60,False,genuine_spurious,,,,,
A026456,60,False,genuine_spurious,,,,,
A026458,60,False,genuine_spurious,,,,,
A026462,60,False,genuine_spurious,,,,,
A026467,60,False,genuine_spurious,,,,,
A026481,65,False,genuine_spurious,,,,,
A026492,90,False,genuine_spurious,,,,,
A026495,70,False,genuine_spurious,,,,,
A026500,61,False,genuine_spurious,,,,,
A026501,62,False,genuine_spurious,,,,,
A026503,60,False,genuine_spurious,,,,,
A026505,68,False,genuine_spurious,,,,,
A026507,62,False,genuine_spurious,,,,,
A026511,61,False,genuine_spurious,,,,,
A026519,81,False,genuine_spurious,,,,,
A026568,71,False,genuine_spurious,,,,,
A026605,90,False,genuine_spurious,,,,,
A026606,90,False,genuine_spurious,,,,,
A026735,37,False,undetermined,,,,,
A026799,70,False,genuine_spurious,,,,,
A026800,73,False,genuine_spurious,,,,,
A026801,75,False,genuine_spurious,,,,,
A026802,79,False,genuine_spurious,,,,,
A026803,82,False,genuine_spurious,,,,,
A026812,55,False,genuine_spurious,,,,,
A026813,54,False,genuine_spurious,,,,,
A026814,54,False,genuine_spurious,,,,,
A026815,54,False,genuine_spurious,,,,,
A026816,52,False,genuine_spurious,,,,,
A026819,83,False,genuine_spurious,,,,,
A026827,75,False,genuine_spurious,,,,,
A026828,77,False,genuine_spurious,,,,,
A026829,78,False,genuine_spurious,,,,,
A026830,81,False,genuine_spurious,,,,,
A026831,83,False,genuine_spurious,,,,,
A026839,59,False,genuine_spurious,,,,,
A026930,52,False,genuine_spurious,,,,,
A027023,81,False,genuine_spurious,,,,,
A027082,73,False,genuine_spurious,,,,,
A027189,55,False,genuine_spurious,,,,,
A027190,69,False,genuine_spurious,,,,,
A027191,68,False,genuine_spurious,,,,,
A027192,71,False,genuine_spurious,,,,,
A027196,62,False,genuine_spurious,,,,,
A027197,64,False,genuine_spurious,,,,,
A027198,75,False,genuine_spurious,,,,,
A027349,70,False,genuine_spurious,,,,,
A027352,79,False,genuine_spurious,,,,,
A027353,80,False,genuine_spurious,,,,,
A027358,67,False,genuine_spurious,,,,,
A027826,32,False,undetermined,,,,,
A027828,49,False,genuine_spurious,,,,,
A027855,72,False,genuine_spurious,,,,,
A027870,105,False,genuine_spurious,,,,,
A027921,56,False,genuine_spurious,,,,,
A027923,65,False,genuine_spurious,,,,,
A027926,81,False,genuine_spurious,,,,,
A028240,33,False,undetermined,,,,,
A028277,71,False,genuine_spurious,,,,,
A028382,32,False,undetermined,,,,,
A028384,48,False,genuine_spurious,,,,,
A028424,51,True,truncation_artifact,6.0,2.0,264.0,2.0,
A028613,105,False,genuine_spurious,,,,,
A028621,81,False,genuine_spurious,,,,,
A028629,81,False,genuine_spurious,,,,,
A028631,63,False,genuine_spurious,,,,,
A028632,57,False,genuine_spurious,,,,,
A028637,81,False,genuine_spurious,,,,,
A028639,65,False,genuine_spurious,,,,,
A028640,59,False,genuine_spurious,,,,,
A028645,81,False,genuine_spurious,,,,,
A028647,66,False,genuine_spurious,,,,,
A028648,60,False,genuine_spurious,,,,,
A028655,67,False,genuine_spurious,,,,,
A028656,72,False,genuine_spurious,,,,,
A028663,68,False,genuine_spurious,,,,,
A028664,62,False,genuine_spurious,,,,,
A028703,63,False,genuine_spurious,,,,,
A028706,81,False,genuine_spurious,,,,,
A028708,59,False,genuine_spurious,,,,,
A028709,55,False,genuine_spurious,,,,,
A028710,81,False,genuine_spurious,,,,,
A028712,64,False,genuine_spurious,,,,,
A028713,61,False,genuine_spurious,,,,,
A028714,81,False,genuine_spurious,,,,,
A028716,68,False,genuine_spurious,,,,,
A028717,64,False,genuine_spurious,,,,,
A028718,81,False,genuine_spurious,,,,,
A028720,70,False,genuine_spurious,,,,,
A028721,67,False,genuine_spurious,,,,,
A028794,50,False,genuine_spurious,,,,,
A028819,50,False,genuine_spurious,,,,,
A028823,67,False,genuine_spurious,,,,,
A028833,102,False,genuine_spurious,,,,,
A028834,68,False,genuine_spurious,,,,,
A028846,64,False,genuine_spurious,,,,,
A028889,69,False,genuine_spurious,,,,,
A028948,43,False,genuine_spurious,,,,,
A028950,34,False,undetermined,,,,,
A028970,64,False,genuine_spurious,,,,,
A028971,86,False,genuine_spurious,,,,,
A029027,54,False,genuine_spurious,,,,,
A029028,54,False,genuine_spurious,,,,,
A029029,62,False,genuine_spurious,,,,,
A029030,54,False,genuine_spurious,,,,,
A029031,55,False,genuine_spurious,,,,,
A029047,62,False,genuine_spurious,,,,,
A029048,54,False,genuine_spurious,,,,,
A029051,55,False,genuine_spurious,,,,,
A029054,55,False,genuine_spurious,,,,,
A029056,55,False,genuine_spurious,,,,,
A029058,63,False,genuine_spurious,,,,,
A029062,57,False,genuine_spurious,,,,,
A029075,56,False,genuine_spurious,,,,,
A029079,57,False,genuine_spurious,,,,,
A029098,58,False,genuine_spurious,,,,,
A029106,57,False,genuine_spurious,,,,,
A029107,58,False,genuine_spurious,,,,,
A029108,58,False,genuine_spurious,,,,,
A029109,59,False,genuine_spurious,,,,,
A029110,60,False,genuine_spurious,,,,,
A029111,58,False,genuine_spurious,,,,,
A029112,60,False,genuine_spurious,,,,,
A029113,67,False,genuine_spurious,,,,,
A029114,61,False,genuine_spurious,,,,,
A029115,61,False,genuine_spurious,,,,,
A029116,62,False,genuine_spurious,,,,,
A029117,59,False,genuine_spurious,,,,,
A029118,60,False,genuine_spurious,,,,,
A029119,61,False,genuine_spurious,,,,,
A029120,69,False,genuine_spurious,,,,,
A029121,61,False,genuine_spurious,,,,,
A029122,61,False,genuine_spurious,,,,,
A029123,70,False,genuine_spurious,,,,,
A029124,61,False,genuine_spurious,,,,,
A029125,62,False,genuine_spurious,,,,,
A029126,62,False,genuine_spurious,,,,,
A029127,61,False,genuine_spurious,,,,,
A029128,62,False,genuine_spurious,,,,,
A029129,62,False,genuine_spurious,,,,,
A029130,62,False,genuine_spurious,,,,,
A029131,62,False,genuine_spurious,,,,,
A029132,62,False,genuine_spurious,,,,,
A029133,62,False,genuine_spurious,,,,,
A029134,62,False,genuine_spurious,,,,,
A029135,62,False,genuine_spurious,,,,,
A029158,67,False,genuine_spurious,,,,,
A029167,62,False,genuine_spurious,,,,,
A029187,63,False,genuine_spurious,,,,,
A029226,63,False,genuine_spurious,,,,,
A029227,64,False,genuine_spurious,,,,,
A029228,64,False,genuine_spurious,,,,,
A029229,64,False,genuine_spurious,,,,,
A029230,64,False,genuine_spurious,,,,,
A029231,64,False,genuine_spurious,,,,,
A029232,74,False,genuine_spurious,,,,,
A029233,64,False,genuine_spurious,,,,,
A029234,73,False,genuine_spurious,,,,,
A029235,74,False,genuine_spurious,,,,,
A029236,73,False,genuine_spurious,,,,,
A029237,65,False,genuine_spurious,,,,,
A029238,65,False,genuine_spurious,,,,,
A029239,74,False,genuine_spurious,,,,,
A029240,74,False,genuine_spurious,,,,,
A029241,65,False,genuine_spurious,,,,,
A029242,66,False,genuine_spurious,,,,,
A029243,66,False,genuine_spurious,,,,,
A029244,67,False,genuine_spurious,,,,,
A029245,67,False,genuine_spurious,,,,,
A029249,62,False,genuine_spurious,,,,,
A029259,63,False,genuine_spurious,,,,,
A029278,71,False,genuine_spurious,,,,,
A029284,64,False,genuine_spurious,,,,,
A029313,67,False,genuine_spurious,,,,,
A029322,67,False,genuine_spurious,,,,,
A029323,76,False,genuine_spurious,,,,,
A029324,69,False,genuine_spurious,,,,,
A029325,69,False,genuine_spurious,,,,,
A029334,65,False,genuine_spurious,,,,,
A029366,68,False,genuine_spurious,,,,,
A029367,69,False,genuine_spurious,,,,,
A029413,76,False,genuine_spurious,,,,,
A029414,69,False,genuine_spurious,,,,,
A029415,69,False,genuine_spurious,,,,,
A029416,69,False,genuine_spurious,,,,,
A029417,69,False,genuine_spurious,,,,,
A029418,70,False,genuine_spurious,,,,,
A029419,71,False,genuine_spurious,,,,,
A029420,70,False,genuine_spurious,,,,,
A029421,72,False,genuine_spurious,,,,,
A029422,72,False,genuine_spurious,,,,,
A029423,70,False,genuine_spurious,,,,,
A029424,71,False,genuine_spurious,,,,,
A029425,72,False,genuine_spurious,,,,,
A029426,72,False,genuine_spurious,,,,,
A029427,73,False,genuine_spurious,,,,,
A029428,72,False,genuine_spurious,,,,,
A029429,73,False,genuine_spurious,,,,,
A029430,74,False,genuine_spurious,,,,,
A029431,74,False,genuine_spurious,,,,,
A029432,78,False,genuine_spurious,,,,,
A029433,71,False,genuine_spurious,,,,,
A029434,72,False,genuine_spurious,,,,,
A029435,72,False,genuine_spurious,,,,,
A029436,73,False,genuine_spurious,,,,,
A029437,73,False,genuine_spurious,,,,,
A029438,73,False,genuine_spurious,,,,,
A029439,73,False,genuine_spurious,,,,,
A029440,74,False,genuine_spurious,,,,,
A029441,75,False,genuine_spurious,,,,,
A029442,87,False,genuine_spurious,,,,,
A029443,74,False,genuine_spurious,,,,,
A029444,75,False,genuine_spurious,,,,,
A029445,76,False,genuine_spurious,,,,,
A029446,82,False,genuine_spurious,,,,,
A029691,102,False,genuine_spurious,,,,,
A029696,77,False,genuine_spurious,,,,,
A029724,48,False,genuine_spurious,,,,,
A029731,38,False,undetermined,,,,,
A029778,30,False,undetermined,,,,,
A029795,31,False,undetermined,,,,,
A029800,31,False,undetermined,,,,,
A029803,57,False,genuine_spurious,,,,,
A029804,36,False,undetermined,,,,,
A029911,83,False,genuine_spurious,,,,,
A029912,86,False,genuine_spurious,,,,,
A029923,61,False,genuine_spurious,,,,,
A029934,58,False,genuine_spurious,,,,,
A029937,63,False,genuine_spurious,,,,,
A029954,58,False,genuine_spurious,,,,,
A029955,57,False,genuine_spurious,,,,,
A029958,56,False,genuine_spurious,,,,,
A029959,56,False,genuine_spurious,,,,,
A029965,36,False,undetermined,,,,,
A029966,41,False,genuine_spurious,,,,,
A029967,34,False,undetermined,,,,,
A029968,37,False,undetermined,,,,,
A029969,32,False,undetermined,,,,,
A029970,36,False,undetermined,,,,,
A030011,55,False,genuine_spurious,,,,,
A030036,40,False,genuine_spurious,,,,,
A030066,81,False,genuine_spurious,,,,,
A030076,105,False,genuine_spurious,,,,,
A030106,72,False,genuine_spurious,,,,,
A030107,75,False,genuine_spurious,,,,,
A030108,77,False,genuine_spurious,,,,,
A030120,45,False,genuine_spurious,,,,,
A030121,59,False,genuine_spurious,,,,,
A030122,52,False,genuine_spurious,,,,,
A030132,87,False,genuine_spurious,,,,,
A030141,65,False,genuine_spurious,,,,,
A030147,53,False,genuine_spurious,,,,,
A030151,56,False,genuine_spurious,,,,,
A030153,47,False,genuine_spurious,,,,,
A030155,50,False,genuine_spurious,,,,,
A030193,49,False,genuine_spurious,,,,,
A030194,58,False,genuine_spurious,,,,,
A030214,81,False,genuine_spurious,,,,,
A030215,81,False,genuine_spurious,,,,,
A030217,81,False,genuine_spurious,,,,,
A030272,53,False,genuine_spurious,,,,,
A030283,49,False,genuine_spurious,,,,,
A030285,48,False,genuine_spurious,,,,,
A030287,51,False,genuine_spurious,,,,,
A030294,57,False,genuine_spurious,,,,,
A030295,32,False,undetermined,,,,,
A030346,91,False,genuine_spurious,,,,,
A030385,90,False,genuine_spurious,,,,,
A030398,90,False,genuine_spurious,,,,,
A030407,90,False,genuine_spurious,,,,,
A030409,87,False,genuine_spurious,,,,,
A030421,90,False,genuine_spurious,,,,,
A030422,90,False,genuine_spurious,,,,,
A030476,47,False,genuine_spurious,,,,,
A030477,65,False,genuine_spurious,,,,,
A030530,78,False,genuine_spurious,,,,,
A030547,98,False,genuine_spurious,,,,,
A030557,87,False,genuine_spurious,,,,,
A030559,88,False,genuine_spurious,,,,,
A030560,88,False,genuine_spurious,,,,,
A030561,88,False,genuine_spurious,,,,,
A030564,90,False,genuine_spurious,,,,,
A030565,90,False,genuine_spurious,,,,,
A030566,90,False,genuine_spurious,,,,,
A030575,87,False,genuine_spurious,,,,,
A030576,86,False,genuine_spurious,,,,,
A030577,86,False,genuine_spurious,,,,,
A030579,88,False,genuine_spurious,,,,,
A030580,88,False,genuine_spurious,,,,,
A030582,89,False,genuine_spurious,,,,,
A030583,90,False,genuine_spurious,,,,,
A030584,90,False,genuine_spurious,,,,,
A030585,90,False,genuine_spurious,,,,,
A030589,47,False,genuine_spurious,,,,,
A030613,90,False,genuine_spurious,,,,,
A030615,90,False,genuine_spurious,,,,,
A030639,33,False,undetermined,,,,,
A030721,56,False,genuine_spurious,,,,,
A030738,82,False,genuine_spurious,,,,,
A030791,60,False,genuine_spurious,,,,,
A030998,91,False,genuine_spurious,,,,,
A031006,64,False,genuine_spurious,,,,,
A031007,91,False,genuine_spurious,,,,,
A031035,90,False,genuine_spurious,,,,,
A031036,54,False,genuine_spurious,,,,,
A031043,47,False,genuine_spurious,,,,,
A031044,65,False,genuine_spurious,,,,,
A031045,91,False,genuine_spurious,,,,,
A031046,48,False,genuine_spurious,,,,,
A031054,65,False,genuine_spurious,,,,,
A031055,90,False,genuine_spurious,,,,,
A031064,46,False,genuine_spurious,,,,,
A031065,49,False,genuine_spurious,,,,,
A031076,90,False,genuine_spurious,,,,,
A031077,47,False,genuine_spurious,,,,,
A031085,47,False,genuine_spurious,,,,,
A031086,65,False,genuine_spurious,,,,,
A031087,91,False,genuine_spurious,,,,,
A031088,48,False,genuine_spurious,,,,,
A031097,65,False,genuine_spurious,,,,,
A031098,90,False,genuine_spurious,,,,,
A031099,64,False,genuine_spurious,,,,,
A031182,100,False,genuine_spurious,,,,,
A031185,69,False,genuine_spurious,,,,,
A031214,98,False,genuine_spurious,,,,,
A031229,87,False,genuine_spurious,,,,,
A031230,87,False,genuine_spurious,,,,,
A031233,90,False,genuine_spurious,,,,,
A031234,90,False,genuine_spurious,,,,,
A031246,87,False,genuine_spurious,,,,,
A031249,90,False,genuine_spurious,,,,,
A031250,90,False,genuine_spurious,,,,,
A031260,79,False,genuine_spurious,,,,,
A031261,90,False,genuine_spurious,,,,,
A031262,90,False,genuine_spurious,,,,,
A031263,87,False,genuine_spurious,,,,,
A031268,90,False,genuine_spurious,,,,,
A031278,90,False,genuine_spurious,,,,,
A031286,99,False,genuine_spurious,,,,,
A031287,48,False,genuine_spurious,,,,,
A031296,47,False,genuine_spurious,,,,,
A031297,64,False,genuine_spurious,,,,,
A031308,47,False,genuine_spurious,,,,,
A031309,64,False,genuine_spurious,,,,,
A031310,90,False,genuine_spurious,,,,,
A031311,60,False,genuine_spurious,,,,,
A031322,49,False,genuine_spurious,,,,,
A031323,60,False,genuine_spurious,,,,,
A031324,92,False,genuine_spurious,,,,,
A031347,87,False,genuine_spurious,,,,,
A031358,106,False,genuine_spurious,,,,,
A031432,39,False,undetermined,,,,,
A031433,36,False,undetermined,,,,,
A031434,37,False,undetermined,,,,,
A031465,39,False,undetermined,,,,,
A031468,46,False,genuine_spurious,,,,,
A031470,63,False,genuine_spurious,,,,,
A031476,39,False,undetermined,,,,,
A031477,65,False,genuine_spurious,,,,,
A031490,50,False,genuine_spurious,,,,,
A031491,37,False,undetermined,,,,,
A031492,66,False,genuine_spurious,,,,,
A031493,50,False,genuine_spurious,,,,,
A031494,47,False,genuine_spurious,,,,,
A031495,50,False,genuine_spurious,,,,,
A031496,42,False,genuine_spurious,,,,,
A031497,47,False,genuine_spurious,,,,,
A031498,38,False,undetermined,,,,,
A031499,50,False,genuine_spurious,,,,,
A031500,42,False,genuine_spurious,,,,,
A031689,36,False,undetermined,,,,,
A031690,39,False,undetermined,,,,,
A031691,35,False,undetermined,,,,,
A031693,34,False,undetermined,,,,,
A031695,34,False,undetermined,,,,,
A031697,33,False,undetermined,,,,,
A031698,37,True,truncation_artifact,6.0,1.0,594.0,1.0,
A031699,32,False,undetermined,,,,,
A031700,35,True,truncation_artifact,6.0,1.0,584.0,1.0,
A031701,32,False,undetermined,,,,,
A031702,35,True,truncation_artifact,6.0,1.0,634.0,1.0,
A031703,32,False,undetermined,,,,,
A031943,63,False,genuine_spurious,,,,,
A031950,60,False,genuine_spurious,,,,,
A031951,59,False,genuine_spurious,,,,,
A031953,65,False,genuine_spurious,,,,,
A031954,78,False,genuine_spurious,,,,,
A031961,47,False,genuine_spurious,,,,,
A031962,52,False,genuine_spurious,,,,,
A031969,43,False,genuine_spurious,,,,,
A031992,61,False,genuine_spurious,,,,,
A031993,62,False,genuine_spurious,,,,,
A031994,34,False,undetermined,,,,,
A032089,42,False,genuine_spurious,,,,,
A032277,41,False,genuine_spurious,,,,,
A032342,44,False,genuine_spurious,,,,,
A032344,34,False,undetermined,,,,,
A032345,62,False,genuine_spurious,,,,,
A032542,87,False,genuine_spurious,,,,,
A032543,48,False,genuine_spurious,,,,,
A032544,71,False,genuine_spurious,,,,,
A032551,37,False,undetermined,,,,,
A032555,35,False,undetermined,,,,,
A032559,31,False,undetermined,,,,,
A032561,36,False,undetermined,,,,,
A032562,76,False,genuine_spurious,,,,,
A032563,43,False,genuine_spurious,,,,,
A032565,37,False,undetermined,,,,,
A032566,60,False,genuine_spurious,,,,,
A032567,41,False,genuine_spurious,,,,,
A032568,78,False,genuine_spurious,,,,,
A032569,39,False,undetermined,,,,,
A032570,65,False,genuine_spurious,,,,,
A032571,49,False,genuine_spurious,,,,,
A032572,78,False,genuine_spurious,,,,,
A032573,42,False,genuine_spurious,,,,,
A032574,70,False,genuine_spurious,,,,,
A032575,41,False,genuine_spurious,,,,,
A032576,67,False,genuine_spurious,,,,,
A032577,42,False,genuine_spurious,,,,,
A032578,57,False,genuine_spurious,,,,,
A032579,37,False,undetermined,,,,,
A032580,59,False,genuine_spurious,,,,,
A032581,46,False,genuine_spurious,,,,,
A032582,66,False,genuine_spurious,,,,,
A032583,65,False,genuine_spurious,,,,,
A032634,75,False,genuine_spurious,,,,,
A032762,74,False,genuine_spurious,,,,,
A032846,57,False,genuine_spurious,,,,,
A032847,57,False,genuine_spurious,,,,,
A032848,59,False,genuine_spurious,,,,,
A032855,60,False,genuine_spurious,,,,,
A032856,59,False,genuine_spurious,,,,,
A032857,61,False,genuine_spurious,,,,,
A032861,56,False,genuine_spurious,,,,,
A032862,57,False,genuine_spurious,,,,,
A032863,59,False,genuine_spurious,,,,,
A032864,62,False,genuine_spurious,,,,,
A032865,62,False,genuine_spurious,,,,,
A032869,60,False,genuine_spurious,,,,,
A032870,60,False,genuine_spurious,,,,,
A032871,62,False,genuine_spurious,,,,,
A032872,63,False,genuine_spurious,,,,,
A032873,75,False,genuine_spurious,,,,,
A032879,56,False,genuine_spurious,,,,,
A032880,59,False,genuine_spurious,,,,,
A032881,59,False,genuine_spurious,,,,,
A032886,59,False,genuine_spurious,,,,,
A032887,59,False,genuine_spurious,,,,,
A032888,59,False,genuine_spurious,,,,,
A032889,61,False,genuine_spurious,,,,,
A032896,60,False,genuine_spurious,,,,,
A032897,63,False,genuine_spurious,,,,,
A032898,61,False,genuine_spurious,,,,,
A032903,62,False,genuine_spurious,,,,,
A032904,69,False,genuine_spurious,,,,,
A032905,61,False,genuine_spurious,,,,,
A032906,61,False,genuine_spurious,,,,,
A032907,66,False,genuine_spurious,,,,,
A032942,52,False,genuine_spurious,,,,,
A032959,62,False,genuine_spurious,,,,,
A032961,62,False,genuine_spurious,,,,,
A032963,62,False,genuine_spurious,,,,,
A032968,61,False,genuine_spurious,,,,,
A032969,56,False,genuine_spurious,,,,,
A032972,62,False,genuine_spurious,,,,,
A032973,63,False,genuine_spurious,,,,,
A032976,58,False,genuine_spurious,,,,,
A032977,57,False,genuine_spurious,,,,,
A032985,56,False,genuine_spurious,,,,,
A032987,62,False,genuine_spurious,,,,,
A032990,53,False,genuine_spurious,,,,,
A032991,56,False,genuine_spurious,,,,,
A032992,59,False,genuine_spurious,,,,,
A032993,59,False,genuine_spurious,,,,,
A032994,61,False,genuine_spurious,,,,,
A032996,51,False,genuine_spurious,,,,,
A032997,54,False,genuine_spurious,,,,,
A032998,56,False,genuine_spurious,,,,,
A032999,57,False,genuine_spurious,,,,,
A033000,58,False,genuine_spurious,,,,,
A033006,41,False,genuine_spurious,,,,,
A033007,41,False,genuine_spurious,,,,,
A033008,40,False,genuine_spurious,,,,,
A033009,40,False,genuine_spurious,,,,,
A033010,46,False,genuine_spurious,,,,,
A033011,40,False,genuine_spurious,,,,,
A033012,40,False,genuine_spurious,,,,,
A033013,40,False,genuine_spurious,,,,,
A033021,43,False,genuine_spurious,,,,,
A033022,44,False,genuine_spurious,,,,,
A033023,42,False,genuine_spurious,,,,,
A033037,54,False,genuine_spurious,,,,,
A033039,54,False,genuine_spurious,,,,,
A033040,54,False,genuine_spurious,,,,,
A033057,60,False,genuine_spurious,,,,,
A033058,59,False,genuine_spurious,,,,,
A033062,60,False,genuine_spurious,,,,,
A033064,61,False,genuine_spurious,,,,,
A033066,65,False,genuine_spurious,,,,,
A033072,52,False,genuine_spurious,,,,,
A033073,53,False,genuine_spurious,,,,,
A033074,54,False,genuine_spurious,,,,,
A033075,54,False,genuine_spurious,,,,,
A033079,53,False,genuine_spurious,,,,,
A033080,49,False,genuine_spurious,,,,,
A033081,51,False,genuine_spurious,,,,,
A033086,50,False,genuine_spurious,,,,,
A033087,55,False,genuine_spurious,,,,,
A033088,54,False,genuine_spurious,,,,,
A033099,80,False,genuine_spurious,,,,,
A033100,56,False,genuine_spurious,,,,,
A033101,88,False,genuine_spurious,,,,,
A033102,59,False,genuine_spurious,,,,,
A033103,89,False,genuine_spurious,,,,,
A033104,62,False,genuine_spurious,,,,,
A033107,90,False,genuine_spurious,,,,,
A033108,67,False,genuine_spurious,,,,,
A033109,90,False,genuine_spurious,,,,,
A033110,68,False,genuine_spurious,,,,,
A033111,90,False,genuine_spurious,,,,,
A033112,69,False,genuine_spurious,,,,,
A033271,80,False,genuine_spurious,,,,,
A033272,80,False,genuine_spurious,,,,,
A033283,48,False,genuine_spurious,,,,,
A033284,38,False,undetermined,,,,,
A033285,32,False,undetermined,,,,,
A033295,61,False,genuine_spurious,,,,,
A033307,104,False,genuine_spurious,,,,,
A033440,47,False,genuine_spurious,,,,,
A033441,55,False,genuine_spurious,,,,,
A033483,34,False,undetermined,,,,,
A033559,97,False,genuine_spurious,,,,,
A033597,57,False,genuine_spurious,,,,,
A033620,66,False,genuine_spurious,,,,,
A033621,41,False,genuine_spurious,,,,,
A033630,101,False,genuine_spurious,,,,,
A033637,68,False,genuine_spurious,,,,,
A033665,104,False,genuine_spurious,,,,,
A033684,122,False,genuine_spurious,,,,,
A033860,39,False,undetermined,,,,,
A033862,71,False,genuine_spurious,,,,,
A033865,81,False,genuine_spurious,,,,,
A033869,40,False,genuine_spurious,,,,,
A033892,53,False,genuine_spurious,,,,,
A033893,37,False,undetermined,,,,,
A033895,34,False,undetermined,,,,,
A033909,80,False,genuine_spurious,,,,,
A033922,86,False,genuine_spurious,,,,,
A033929,89,False,genuine_spurious,,,,,
A033930,87,False,genuine_spurious,,,,,
A033948,65,False,genuine_spurious,,,,,
A034045,55,False,genuine_spurious,,,,,
A034047,69,False,genuine_spurious,,,,,
A034067,48,False,genuine_spurious,,,,,
A034138,75,False,genuine_spurious,,,,,
A034151,81,False,genuine_spurious,,,,,
A034152,81,False,genuine_spurious,,,,,
A034153,79,False,genuine_spurious,,,,,
A034154,77,False,genuine_spurious,,,,,
A034155,76,False,genuine_spurious,,,,,
A034156,74,False,genuine_spurious,,,,,
A034157,73,False,genuine_spurious,,,,,
A034158,71,False,genuine_spurious,,,,,
A034159,70,False,genuine_spurious,,,,,
A034160,68,False,genuine_spurious,,,,,
A034161,67,False,genuine_spurious,,,,,
A034162,65,False,genuine_spurious,,,,,
A034163,64,False,genuine_spurious,,,,,
A034254,78,False,genuine_spurious,,,,,
A034258,79,False,genuine_spurious,,,,,
A034294,56,False,genuine_spurious,,,,,
A034298,68,False,genuine_spurious,,,,,
A034326,81,False,genuine_spurious,,,,,
A034327,67,False,genuine_spurious,,,,,
A034380,105,False,genuine_spurious,,,,,
A034389,52,False,genuine_spurious,,,,,
A034390,52,False,genuine_spurious,,,,,
A034392,52,False,genuine_spurious,,,,,
A034393,52,False,genuine_spurious,,,,,
A034395,52,False,genuine_spurious,,,,,
A034396,52,False,genuine_spurious,,,,,
A034397,51,False,genuine_spurious,,,,,
A034398,51,False,genuine_spurious,,,,,
A034399,52,False,genuine_spurious,,,,,
A034400,51,False,genuine_spurious,,,,,
A034401,52,False,genuine_spurious,,,,,
A034402,52,False,genuine_spurious,,,,,
A034403,50,False,genuine_spurious,,,,,
A034406,50,False,genuine_spurious,,,,,
A034407,50,False,genuine_spurious,,,,,
A034408,51,False,genuine_spurious,,,,,
A034409,52,False,genuine_spurious,,,,,
A034410,50,False,genuine_spurious,,,,,
A034411,50,False,genuine_spurious,,,,,
A034412,50,False,genuine_spurious,,,,,
A034413,51,False,genuine_spurious,,,,,
A034416,51,False,genuine_spurious,,,,,
A034417,51,False,genuine_spurious,,,,,
A034418,50,False,genuine_spurious,,,,,
A034419,50,False,genuine_spurious,,,,,
A034420,52,False,genuine_spurious,,,,,
A034421,50,False,genuine_spurious,,,,,
A034422,52,False,genuine_spurious,,,,,
A034424,51,False,genuine_spurious,,,,,
A034425,50,False,genuine_spurious,,,,,
A034426,50,False,genuine_spurious,,,,,
A034431,51,False,genuine_spurious,,,,,
A034434,50,False,genuine_spurious,,,,,
A034437,52,False,genuine_spurious,,,,,
A034438,52,False,genuine_spurious,,,,,
A034440,50,False,genuine_spurious,,,,,
A034445,51,False,genuine_spurious,,,,,
A034446,51,False,genuine_spurious,,,,,
A034449,52,False,genuine_spurious,,,,,
A034450,51,False,genuine_spurious,,,,,
A034451,51,False,genuine_spurious,,,,,
A034453,52,False,genuine_spurious,,,,,
A034455,50,False,genuine_spurious,,,,,
A034464,51,False,genuine_spurious,,,,,
A034467,52,False,genuine_spurious,,,,,
A034468,51,False,genuine_spurious,,,,,
A034499,51,False,genuine_spurious,,,,,
A034683,52,False,genuine_spurious,,,,,
A034704,57,False,genuine_spurious,,,,,
A034709,66,False,genuine_spurious,,,,,
A034710,44,False,genuine_spurious,,,,,
A034799,55,False,genuine_spurious,,,,,
A034838,59,False,genuine_spurious,,,,,
A034851,83,False,genuine_spurious,,,,,
A034853,55,False,genuine_spurious,,,,,
A034887,73,False,genuine_spurious,,,,,
A034894,63,False,genuine_spurious,,,,,
A034928,73,False,genuine_spurious,,,,,
A034948,99,False,genuine_spurious,,,,,
A034968,106,False,genuine_spurious,,,,,
A035033,54,False,genuine_spurious,,,,,
A035056,38,False,undetermined,,,,,
A035060,34,False,undetermined,,,,,
A035062,30,False,undetermined,,,,,
A035064,37,False,undetermined,,,,,
A035121,47,False,genuine_spurious,,,,,
A035137,45,False,genuine_spurious,,,,,
A035160,81,False,genuine_spurious,,,,,
A035212,81,False,genuine_spurious,,,,,
A035322,89,False,genuine_spurious,,,,,
A035333,47,False,genuine_spurious,,,,,
A035343,74,False,genuine_spurious,,,,,
A035377,82,False,genuine_spurious,,,,,
A035382,62,False,genuine_spurious,,,,,
A035390,66,False,genuine_spurious,,,,,
A035429,64,False,genuine_spurious,,,,,
A035430,67,False,genuine_spurious,,,,,
A035441,68,False,genuine_spurious,,,,,
A035442,79,False,genuine_spurious,,,,,
A035447,83,False,genuine_spurious,,,,,
A035451,66,False,genuine_spurious,,,,,
A035453,68,False,genuine_spurious,,,,,
A035457,80,False,genuine_spurious,,,,,
A035464,81,False,genuine_spurious,,,,,
A035522,36,False,undetermined,,,,,
A035523,34,False,undetermined,,,,,
A035547,53,False,genuine_spurious,,,,,
A035548,53,False,genuine_spurious,,,,,
A035562,53,False,genuine_spurious,,,,,
A035563,54,False,genuine_spurious,,,,,
A035564,54,False,genuine_spurious,,,,,
A035565,54,False,genuine_spurious,,,,,
A035570,54,False,genuine_spurious,,,,,
A035571,54,False,genuine_spurious,,,,,
A035579,60,False,genuine_spurious,,,,,
A035581,57,False,genuine_spurious,,,,,
A035582,62,False,genuine_spurious,,,,,
A035583,61,False,genuine_spurious,,,,,
A035584,61,False,genuine_spurious,,,,,
A035585,59,False,genuine_spurious,,,,,
A035586,58,False,genuine_spurious,,,,,
A035587,58,False,genuine_spurious,,,,,
A035588,61,False,genuine_spurious,,,,,
A035589,61,False,genuine_spurious,,,,,
A035590,61,False,genuine_spurious,,,,,
A035591,59,False,genuine_spurious,,,,,
A035622,71,False,genuine_spurious,,,,,
A035623,63,False,genuine_spurious,,,,,
